Kabupaten/Kota,,,,,,,,,,,,,,,,,,,,,,,,,,,,,,,,,
,Rata-rata Pengeluaran Perkapita Seminggu Menurut Kelompok Makanan Minuman Jadi Per Kabupaten/kota (Rupiah/Kapita/Minggu),,,,,,,,,,,,,,,,,,,,,,,,,,,,,,,,
,MAKANAN DAN MINUMAN JADI,Roti tawar,"Roti manis, roti lainnya","Kue kering, biskuit, semprong","Kue basah (kue lapis, bika ambon, lemper, dsb)","Makanan gorengan (tahu, tempe, bakwan, pisang)",Makanan gorengan,Bubur kacang hijau,"Gado-gado, ketoprak, pecel",Nasi campur/rames,Nasi goreng,Nasi putih,Lontong/ketupat sayur,"Soto, gule, sop, rawon, cincang","Sayur matang (ditumis, disantan, dsb)","Sate, tongseng","Mie bakso, mie rebus, mie goreng",Mie instan,"Makanan ringan anak-anak, krupuk/kripik",Ikan matang,"Ayam/daging matang (ayam goreng, rendang, dsb)","Daging olahan matang (sosis, nugget, daging asap, dsb)",Bubur ayam,"Siomay, batagor",Makanan jadi lainnya,Air kemasan,Air kemasan galon,"Air teh kemasan, minuman bersoda/mengandung CO2","Sari buah kemasan, minuman kesehatan, minuman berenergi","Minuman jadi (kopi, kopi susu, teh, susu coklat, dsb)",Es krim,Es lainnya,Minuman keras
,2024,2024,2024,2024,2024,2024,2024,2024,2024,2024,2024,2024,2024,2024,2024,2024,2024,2024,2024,2024,2024,2024,2024,2024,2024,2024,2024,2024,2024,2024,2024,2024,2024
Simeulue,28183,98,573,494,3800,1552,54,233,89,725,2129,717,2298,27,365,697,2654,584,1160,1389,522,33,9,184,177,34,2094,217,306,4043,589,337,-
Aceh Singkil,33270,459,1637,725,1942,2483,83,550,820,1146,1496,822,1333,508,547,894,3898,747,2778,1273,357,1001,171,579,351,287,1070,219,214,2942,1337,555,44
Aceh Selatan,31992,227,910,458,2826,2463,71,328,245,6283,1332,291,714,162,167,538,4297,680,1524,138,374,52,96,770,228,344,904,380,430,3507,959,292,5
Aceh Tenggara,35208,189,854,609,1339,2920,27,511,240,615,1628,1777,3006,290,714,508,3671,624,2184,975,662,1192,123,1562,444,268,411,416,401,5350,862,442,392
Aceh Timur,43437,412,1101,638,2601,2907,116,992,553,2854,3306,541,2842,113,591,838,5550,882,1961,435,343,901,230,1228,201,415,898,506,509,6754,1922,289,6
Aceh Tengah,44200,146,1431,1761,2979,3270,198,300,889,6075,1393,643,1754,421,440,901,6722,349,3811,368,301,798,322,2653,268,257,479,176,502,3492,970,130,0
Aceh Barat,64112,188,2441,1421,3493,3989,219,597,451,12707,3540,762,1482,436,772,603,7736,1152,3998,251,1057,283,97,1137,823,295,1540,535,883,8733,1187,1298,6
Aceh Besar,56792,278,1629,1701,4298,3245,225,425,277,2579,3567,2041,2639,148,1335,738,4949,930,2660,2461,1651,557,287,2688,832,654,2318,527,828,8430,1137,757,3
Pidie,54663,321,1287,1379,5014,4156,364,855,412,3591,4068,88,2180,39,292,761,8174,1151,2942,138,391,546,110,1764,235,465,1120,685,1185,9218,1473,258,-
Bireuen,52159,211,1465,1815,3978,2892,163,440,338,5603,2993,434,2094,164,421,895,5832,1244,3230,458,809,449,51,1889,656,804,960,659,860,8321,1394,639,-
Aceh Utara,32845,106,543,737,2483,2014,85,565,403,1036,2503,448,1628,97,414,420,4438,612,1583,181,323,516,89,1766,507,98,868,222,544,6363,905,349,-
Aceh Barat Daya,43345,172,856,1260,3030,3419,160,402,111,8733,2448,677,821,240,445,667,6342,1038,2192,502,253,256,24,895,539,885,827,648,670,3210,1100,520,-
Gayo Lues,49906,718,1752,1748,2326,4528,93,560,485,8477,1330,558,4917,147,411,1827,4509,728,4165,555,549,1043,236,1023,113,117,1093,267,483,3266,1704,177,4
Aceh Tamiang,38531,203,1328,1004,1473,2137,59,550,408,3351,1843,57,2865,424,1277,1188,4359,156,2280,884,1322,870,33,2249,402,159,2043,213,303,3597,972,523,-
Nagan Raya,89123,759,2074,1069,3859,5065,146,2416,1388,16667,7098,2051,2622,523,1299,2772,9681,1804,2261,737,1295,734,283,2544,173,597,2171,1311,1110,11405,2236,970,2
Aceh Jaya,67559,162,1200,1940,4334,3607,170,603,533,13348,4172,752,1402,333,769,725,6873,2080,4574,590,844,287,1,1745,451,1369,853,1147,849,9087,1894,862,2
Bener Meriah,57519,861,2183,1604,3769,5055,192,494,1389,7528,2792,705,2070,285,677,1642,7764,838,2994,578,839,1367,211,3375,905,295,230,200,281,4701,1554,142,-
Pidie Jaya,50086,501,1114,1189,5552,4013,212,1256,740,1120,4120,667,2238,65,192,617,7376,1291,1518,253,441,374,57,1825,842,242,1005,321,355,8908,1577,105,-
Kota Banda Aceh,104305,1141,1972,2339,4886,3532,764,542,740,20230,4535,939,4074,1000,946,2614,8225,732,3959,1814,3577,955,827,2115,3660,1313,4092,1324,1744,14084,1827,3795,10
Kota Sabang,79270,517,1503,1627,5838,3316,166,941,734,6288,5330,755,4077,694,2003,1554,7207,1232,4102,2246,1768,978,419,3001,1048,805,2876,662,1434,12921,2250,979,-
Kota Langsa,55280,251,1065,1178,1940,2635,144,460,529,5564,2700,281,4181,364,2373,1493,5587,610,2039,2799,1236,1469,500,1695,525,361,2706,451,553,8167,898,525,3
Kota Lhokseumawe,68114,364,1798,1577,3590,3344,234,862,986,5192,4920,779,4040,397,1259,1713,7017,1296,2688,992,2280,629,467,3111,1015,697,3016,758,845,9599,1535,1111,4
Kota Subulussalam,30571,200,879,649,965,2557,55,357,367,1975,924,485,1870,240,349,845,3947,585,3290,380,572,787,107,622,305,314,310,233,414,3657,1317,891,122
Nias,11331,60,232,153,1428,1638,18,142,33,2,240,66,27,53,80,19,1780,333,616,94,111,-,81,11,202,268,622,188,307,1734,246,211,337
Mandailing Natal,43221,676,2664,824,2196,5031,99,648,1769,1412,1441,108,4203,1204,352,1587,3411,680,3434,206,165,933,155,862,267,143,400,388,466,6032,1086,379,2
Tapanuli Selatan,32793,410,1677,645,1617,3563,94,608,1103,959,905,591,2832,584,365,1159,2386,448,2897,97,687,537,22,551,303,151,113,211,230,5741,888,408,12
Tapanuli Tengah,30215,249,1339,785,1467,2359,37,207,476,2576,970,1325,2201,157,774,756,2690,223,1848,2045,1089,619,12,120,265,418,545,163,432,2979,530,246,314
Tapanuli Utara,27957,291,1198,825,800,1973,75,234,515,4620,733,42,1656,225,66,857,2705,174,1884,134,104,176,80,201,790,125,84,69,178,3343,362,133,3304
Toba Samosir,45111,217,1435,1161,910,2906,139,397,424,4580,1128,1552,1371,427,580,1155,6580,344,1880,1494,3071,408,199,484,1370,207,273,402,510,3957,588,132,4827
Labuhan Batu,41792,346,1325,1503,2018,3468,204,331,674,3209,2141,700,2614,673,568,647,5704,684,2372,899,513,736,205,1038,656,375,1545,463,690,3089,1090,1069,243
Asahan,42309,409,1510,1140,1490,3278,200,246,604,7394,1577,349,2134,719,566,429,5003,472,3450,909,911,677,42,690,1298,205,1331,249,269,2313,1009,1386,50
Simalungun,37361,446,1812,797,1314,2901,40,402,542,4072,1019,446,3014,412,563,443,4706,323,1731,461,868,753,71,972,724,230,142,346,415,4698,769,891,1038
Dairi,31465,364,1173,706,870,1990,88,438,479,6505,924,188,783,244,280,727,3708,261,1794,146,237,332,126,868,747,505,99,371,324,3058,729,379,2023
Karo,68603,733,3935,1269,2106,3944,127,1162,786,8456,1895,498,3423,496,438,829,5315,509,2948,1387,1063,1100,542,1601,765,312,377,496,545,19351,1150,441,605
Deli Serdang,43015,371,1707,981,1153,2393,171,561,607,6636,1777,243,2608,531,853,716,4626,336,1942,606,856,1063,229,753,1541,317,2436,583,360,3392,999,1636,33
Langkat,38822,330,1405,955,1047,2608,127,455,623,5277,1691,245,2425,399,681,686,4655,285,2370,384,820,1015,39,1932,437,470,1684,411,429,2709,981,1131,115
Nias Selatan,16781,146,788,322,2490,1569,16,72,20,31,698,1070,217,30,337,13,2217,1083,574,547,267,71,26,23,164,422,526,624,296,1353,279,236,254
Humbang Hasundutan,29576,290,1140,1049,718,2061,33,161,639,4577,547,198,933,194,52,511,3415,212,3208,317,435,167,61,65,702,85,94,88,224,3355,515,65,3463
Pakpak Bharat,30471,530,731,1237,870,2042,31,157,174,5665,519,47,686,77,211,628,3677,270,3457,145,383,47,14,544,589,403,70,62,449,3361,716,297,2383
Samosir,43460,265,1656,1765,861,2796,118,525,130,6651,1049,673,545,86,325,517,5622,557,2645,666,1843,512,47,235,1351,471,730,316,373,4203,634,170,5125
Serdang Bedagai,39055,201,1693,1004,1141,2709,52,320,759,4313,1119,543,3069,257,1439,571,4471,197,2407,603,1406,1190,39,753,1953,198,1064,355,286,2528,908,1094,412
Batu Bara,35975,206,1403,800,958,2815,174,321,457,2825,1580,119,2900,186,810,527,4759,384,2870,488,753,1269,78,872,1128,351,1414,243,295,2612,837,1459,82
Padang Lawas Utara,36005,239,1415,986,1075,4121,79,104,1717,2671,705,215,1953,362,46,1306,3267,696,3373,161,60,350,21,378,415,196,693,260,440,6424,1073,1192,8
Padang Lawas,44598,138,1450,956,1369,4926,83,403,2007,1001,1395,375,2667,556,530,1853,3968,749,4464,360,493,1227,37,739,279,207,1076,392,578,7807,827,1669,16
Labuhan Batu Selatan,36215,326,1173,593,1265,3247,52,423,678,3326,1866,319,2467,393,768,609,5397,579,2460,184,457,990,84,550,654,342,1269,480,396,2639,1011,1160,60
Labuhan Batu Utara,39627,294,1113,1022,1482,3518,87,389,634,5846,1803,189,2111,451,279,198,5417,551,3099,99,637,1648,16,410,485,245,1306,266,473,3146,813,1353,246
Nias Utara,11155,35,205,147,1657,987,12,197,-,94,323,72,226,92,224,51,1488,493,939,124,46,-,6,16,31,251,1501,269,266,1007,231,56,112
Nias Barat,11524,57,523,272,854,1100,85,42,1,13,373,467,67,28,14,-,1188,492,736,147,651,185,33,1,142,77,597,226,671,2186,165,84,45
Kota Sibolga,65785,313,1915,1080,1582,2816,152,569,532,19931,3181,284,6301,498,492,3273,5218,201,2211,2053,1390,1544,247,854,487,334,767,446,478,4443,1107,942,145
Kota Tanjung Balai,56760,321,1775,1876,1563,2691,333,1369,1061,10357,3868,111,4172,711,839,1200,3605,1373,3014,840,566,1102,694,959,910,369,2229,452,710,4635,1145,1862,49
Kota Pematang Siantar,45867,742,1976,1735,1271,2053,119,1370,661,7486,1625,216,3816,530,705,639,6140,286,1814,1529,1207,582,290,822,1214,197,226,357,555,3442,1082,697,482
Kota Tebing Tinggi,67756,443,2450,1597,1779,2662,143,900,1038,7935,3864,445,6797,1120,2433,1951,5068,322,3378,3987,2326,1805,580,2986,937,698,2542,451,974,3505,1483,1102,55
Kota Medan,70722,1267,2692,2150,2080,2556,295,1368,1251,6898,3329,493,6376,1648,1170,2069,6629,693,3100,1639,2833,1231,1581,1331,1606,530,3830,944,1273,4595,1548,1589,128
Kota Binjai,56516,632,2238,1326,1466,2447,78,690,903,4300,3872,266,5805,898,1117,2221,7884,534,2324,993,1589,1537,533,1345,779,286,2951,352,456,4221,1263,1212,0
Kota Padangsidimpuan,51322,239,1673,1219,1835,4414,400,1448,1256,2839,1864,1367,3407,914,921,1601,3554,428,4023,1289,2463,1769,194,1256,1220,340,778,392,628,5806,957,797,30
Kota Gunungsitoli,20486,134,535,261,2046,1499,40,259,180,1237,1433,169,1226,138,178,319,2575,538,957,339,160,29,133,269,63,434,1890,485,627,1401,462,287,185
Kepulauan Mentawai,30955,487,1622,1750,949,2845,377,176,148,1242,918,227,4252,673,18,849,1313,541,3615,508,462,13,110,26,236,202,1246,838,535,2980,188,1575,32
Pesisir Selatan,40369,188,2195,1015,991,3147,157,650,3700,2438,2518,174,5828,706,126,2733,2031,330,2417,389,734,1451,67,595,181,303,1439,271,221,1464,1039,873,-
Solok,46327,165,2476,2089,779,4930,188,825,895,5065,2317,260,6356,331,158,2121,3160,319,4809,210,785,1507,103,777,421,286,868,196,455,1671,993,811,-
Sijunjung,46767,111,1995,798,480,3455,45,607,875,5471,4493,93,3864,529,56,3658,4112,582,3922,394,1162,1120,70,573,1032,408,1845,549,462,1499,1130,1370,9
Tanah Datar,51506,438,2487,1920,1500,3985,58,446,1434,6628,2860,479,5291,862,308,2994,3372,381,4101,245,1392,1628,233,714,876,265,985,539,426,2693,1301,663,-
Padang Pariaman,54473,277,1993,1352,669,3332,59,809,987,9294,2685,260,9424,423,145,2605,2155,276,4154,1512,1137,792,165,940,376,302,1155,597,534,3700,1094,1271,-
Agam,43863,445,2482,1072,867,3278,195,620,653,4607,2684,1085,4866,916,373,2305,2507,349,2549,1221,1944,742,186,1046,553,340,969,514,230,2784,933,548,-
Lima Puluh Kota,56788,269,3388,1460,1782,4486,103,657,846,4238,4919,1384,6018,692,301,4075,3455,647,4686,131,1140,2021,67,479,478,157,909,1251,428,4328,1496,496,-
Pasaman,45939,259,2692,948,971,4269,110,691,1550,7849,2228,43,4330,505,178,2883,2469,256,3899,240,436,1071,35,722,697,255,1059,308,271,3136,925,646,7
Solok Selatan,47698,306,2191,932,694,4266,131,399,1645,5656,3227,80,3494,420,132,6123,3680,417,4659,4,604,1661,91,799,838,127,995,846,424,880,1224,714,39
Dharmasraya,58226,123,1930,1635,746,3581,276,333,1500,6249,3686,729,2841,532,724,4515,5937,238,5363,629,2990,2113,105,817,1112,562,1586,983,1219,2196,1360,1616,-
Pasaman Barat,43448,236,2096,721,874,4085,19,420,1320,2058,2629,188,4549,519,206,3976,3208,409,3718,294,843,939,46,654,626,311,973,452,350,4647,1031,1049,-
Kota Padang,77943,944,2355,1862,1145,3254,149,894,2330,14176,5171,223,9630,1286,306,3584,4185,608,2472,1475,3894,1103,657,978,1510,788,4217,947,998,3747,1540,1512,-
Kota Solok,64642,479,2915,1782,990,4599,81,689,1170,8902,5688,396,6086,1197,468,2632,5315,551,3136,771,2549,1890,431,1663,1200,447,2533,563,444,2453,1415,1209,-
Kota Sawah Lunto,60392,600,1716,1478,1426,4232,87,522,1411,9454,3662,685,4605,769,442,3469,4651,248,3499,1109,2473,1381,288,672,1051,692,2718,866,574,3203,1349,1059,-
Kota Padang Panjang,77341,895,3310,1986,2432,4395,403,963,1425,11536,4376,651,7211,1046,285,3949,4770,924,5676,968,4485,1334,718,1165,1918,557,1885,501,555,3370,2242,1413,-
Kota Bukittinggi,80381,1386,3304,2506,2128,4713,380,872,1949,15137,3990,193,6031,2322,525,2363,4826,496,4792,1475,4079,1132,878,1899,1728,1113,2192,859,896,3874,1385,956,-
Kota Payakumbuh,74600,747,3107,1546,1772,4248,347,1261,1649,10223,6838,436,6105,1884,1234,2760,5141,597,2948,1831,5057,2222,440,1246,1148,515,1308,689,934,3817,1430,1121,-
Kota Pariaman,78101,469,3458,1334,1301,3569,361,1655,3351,9523,4845,887,12365,1637,233,4364,4044,549,2235,2313,3548,855,395,1886,816,1182,1589,901,853,5342,1447,796,-
Kuantan Singingi,37991,375,889,303,1013,3156,62,292,420,3048,2516,177,4586,812,259,3543,2958,568,2020,223,509,1636,191,970,251,267,1888,490,411,2880,984,295,-
Indragiri Hulu,45620,316,1472,778,1268,3279,128,216,452,5488,1599,205,3617,647,225,2260,4254,260,4027,428,694,2662,357,669,583,244,2233,904,829,2823,1223,1440,39
Indragiri Hilir,41355,249,1116,1341,1402,3070,184,298,720,6211,1595,128,1837,1412,454,1126,3168,326,4112,489,1059,896,130,308,955,409,1322,538,555,3181,1041,1612,113
Pelalawan,42383,383,1341,593,1218,3386,227,516,944,2414,1954,260,4772,534,517,1715,4922,501,3111,682,742,1085,438,775,508,327,2719,937,812,2423,1206,401,22
Siak,48175,363,1433,878,1516,3141,66,432,1030,4680,2157,2382,4097,1025,499,1873,4491,648,3161,379,1369,1421,483,844,697,495,2866,500,687,2200,1400,908,55
Kampar,46647,286,1633,558,1251,3097,87,572,1208,3699,2726,229,4338,813,447,4934,4487,725,2280,196,1312,1746,451,1225,341,224,1601,588,504,3028,1635,423,3
Rokan Hulu,49887,237,1167,674,934,3476,144,369,1704,2645,2607,2441,3544,1312,443,3480,5330,659,2837,276,1508,1317,250,2174,697,304,1969,545,389,3844,1403,1127,81
Bengkalis,58839,689,1279,1115,2861,3618,57,816,1428,4536,3147,2950,6180,903,960,2329,5240,1511,2061,1171,2031,1208,279,1128,598,768,2159,703,582,3855,1593,1084,1
Rokan Hilir,39787,99,1461,908,1473,3523,58,330,545,2709,2059,317,2506,543,378,1625,4935,856,2883,508,731,1570,68,674,603,432,1900,730,752,2351,1217,996,47
Kepulauan Meranti,36900,444,1358,1263,2630,3338,84,178,1106,2412,1058,235,5207,484,458,801,2140,502,2833,739,1485,707,163,310,140,100,460,300,524,3467,769,1204,-
Kota Pekanbaru,76464,684,2960,1598,1974,3049,240,955,1822,16654,3800,137,6837,1822,437,2374,4784,556,2609,1353,3102,1308,1692,1458,1569,1075,3407,920,954,3712,1386,1210,25
Kota Dumai,52276,476,1936,1224,1928,2871,166,585,796,7430,1923,136,5903,788,558,1714,3846,417,2230,564,1432,2591,496,1106,1341,474,3211,660,700,2229,1413,1046,86
Kerinci,48485,265,1659,1459,1225,4518,181,792,1637,4749,2807,701,4019,485,519,3719,3538,420,4528,516,2567,1556,5,1456,1166,394,540,318,415,934,714,492,190
Merangin,34701,109,1021,620,984,2912,43,490,1758,3821,1274,818,2549,713,621,1312,2711,370,3628,130,1506,969,79,609,244,205,483,433,707,2217,927,407,29
Sarolangun,29950,120,1343,159,767,2825,58,169,959,4259,1616,208,1764,523,252,1553,3195,345,2078,75,439,1402,138,645,846,204,313,348,198,1345,846,895,62
Batang Hari,36645,154,932,435,1190,3091,31,203,2618,4477,656,963,2613,831,363,1517,3640,517,2551,394,1118,1354,135,574,587,599,353,511,400,2153,876,803,8
Muaro Jambi,43842,404,1316,634,1647,3076,174,620,2072,5856,1460,821,1114,795,663,2287,4550,813,2684,489,1458,1544,240,1057,944,638,1330,622,386,2252,990,886,20
Tanjung Jabung Timur,43604,464,1055,472,2544,4076,156,205,1404,8689,1415,540,1698,1505,526,1323,3165,499,2031,910,1518,1136,145,390,448,397,1463,373,400,2362,921,1376,-
Tanjung Jabung Barat,39660,353,1131,583,1846,3402,158,220,1376,5360,1424,792,1172,1578,525,1341,2678,354,4505,277,911,1026,808,599,759,584,999,540,307,2343,820,850,40
Tebo,36044,89,1169,756,1110,2983,55,279,1601,4412,1366,615,1414,896,668,2252,4802,519,2624,321,1149,724,66,470,272,214,753,563,415,1835,697,954,-
Bungo,52136,205,1670,935,1184,4112,450,583,1653,4145,1617,1301,2082,1222,983,2929,5318,586,4098,1458,2970,2003,276,1386,1751,419,1162,603,494,2037,1215,1282,8
Kota Jambi,73718,911,1984,1308,2414,3203,829,610,2647,14387,2863,642,3512,1969,818,3367,6154,445,3092,614,2649,1303,825,1812,2868,1483,2758,627,795,2781,1738,2307,4
Kota Sungai Penuh,54898,330,1838,1314,1221,3189,102,808,1894,5461,3415,785,6808,923,726,3976,3651,559,4295,1280,3381,1137,256,1083,1034,325,1290,316,460,1959,828,253,2
Ogan Komering Ulu,33433,220,1677,593,1027,2452,190,201,1067,6557,714,292,348,688,655,933,4193,226,1609,185,984,1160,177,1136,701,650,890,417,368,1917,751,455,-
Ogan Komering Ilir,38105,282,2158,655,1616,3333,262,429,1599,5623,1025,314,481,1116,298,712,4166,848,1915,330,660,1088,104,1105,1370,646,638,426,418,1960,986,1529,14
Muara Enim,37236,235,1492,573,976,3530,252,289,1172,4722,1115,1021,492,489,845,1026,4492,729,1941,647,1267,1336,184,1068,1657,461,589,301,319,1929,1128,959,-
Lahat,43018,248,1605,628,874,3299,181,263,1034,11413,935,345,710,522,694,930,6314,608,1832,213,1104,1234,231,1318,1260,661,404,160,311,2215,889,575,6
Musi Rawas,36867,347,1506,539,1364,3268,213,446,1605,2491,1172,1771,687,1446,1253,1177,3799,596,1479,807,2720,889,119,915,721,529,170,300,206,2497,801,1031,3
Musi Banyuasin,42829,305,1607,632,1125,3171,147,260,1367,3522,1199,1786,345,852,833,1700,4847,707,1781,593,4172,1286,601,1892,1593,635,1177,494,679,1890,923,683,27
Banyu Asin,46994,499,2058,772,1365,3699,506,304,1675,3850,1012,1845,978,878,1064,1239,4568,705,2111,1152,2937,1687,445,948,1696,1591,1079,692,603,2467,1354,1202,12
Ogan Komering Ulu Selatan,26750,169,1524,537,507,3198,43,198,741,3335,207,272,289,701,483,770,2808,524,1754,208,549,1037,129,781,591,388,278,354,135,3006,610,623,-
Ogan Komering Ulu Timur,38060,197,1740,639,1616,2480,148,308,1209,1545,821,2901,523,1748,1740,628,3813,437,1719,1112,3009,999,168,972,569,638,87,382,549,3176,912,1232,42
Ogan Ilir,39605,384,2141,553,1320,3987,506,223,1141,3093,542,1792,167,478,667,543,3330,311,2381,781,2497,1625,159,1250,3135,745,947,347,366,1186,1035,1972,1
Empat Lawang,30094,235,1424,429,908,3412,135,205,799,5589,561,344,555,639,551,817,4133,399,2090,149,846,1005,19,1090,502,473,61,287,185,1165,562,517,9
Penukal Abab Lematang Ilir,27699,190,1241,313,1058,3626,89,167,452,2803,694,587,950,78,424,385,3390,775,773,168,898,1295,146,948,743,601,412,308,454,1733,532,1463,3
Musi Rawas Utara,38178,210,983,428,1301,2607,234,437,1549,2510,744,2303,758,1633,1188,1613,3068,1007,1587,1095,3364,1139,68,767,748,837,118,712,701,2587,889,989,1
Kota Palembang,60800,744,3203,1112,2232,2909,2705,608,1802,9492,2116,1107,1081,948,1093,1973,5911,432,1796,1134,2499,1037,1426,1568,3291,1158,1423,564,768,2158,1056,1408,46
Kota Prabumulih,35999,314,1401,423,909,2324,390,170,914,8179,1051,306,421,608,851,783,3044,347,1592,404,1015,1128,416,889,3048,407,798,346,365,1425,737,989,4
Kota Pagar Alam,38654,146,1125,783,1348,2592,306,343,607,2326,574,2501,1137,679,1861,653,6105,407,1316,1215,3839,1081,155,909,2059,439,30,180,456,2353,713,414,-
Kota Lubuklinggau,42251,294,1625,629,1632,2995,363,232,863,5030,1100,1560,1163,1530,1356,1272,4418,478,1701,561,2492,880,372,1319,1834,590,841,354,325,2206,973,1252,10
Bengkulu Selatan,33935,178,963,674,1220,3628,97,233,1030,1442,1094,1848,1587,865,1032,2185,2912,323,2001,1102,2964,847,109,1304,328,521,60,496,356,1769,444,324,2
Rejang Lebong,38836,107,1184,1123,1494,2996,110,152,557,7030,925,429,1320,1046,770,2110,5041,577,3173,140,1344,239,43,1395,1018,147,24,205,279,2425,931,502,0
Bengkulu Utara,37553,158,1376,808,977,2686,186,210,1205,5846,975,319,1741,919,704,1779,4921,422,2290,214,1356,463,96,1679,556,213,333,609,367,2650,831,650,14
Kaur,28302,170,775,597,756,3489,150,310,958,5327,1037,129,1295,409,275,1600,2217,432,1797,45,446,587,122,981,822,256,92,655,292,1411,461,398,10
Seluma,33724,74,903,645,1303,3506,91,200,991,7274,573,15,1616,520,521,1441,2896,181,2135,185,433,539,22,1290,701,407,96,471,453,2759,596,883,-
Mukomuko,42645,157,1268,728,1248,3454,128,507,1918,1287,2502,559,2489,1190,707,3820,5011,435,3478,468,1475,669,159,1543,653,327,1154,565,441,1905,1346,1053,1
Lebong,34231,193,1094,671,1196,4446,157,189,509,3614,900,349,1662,564,491,997,3917,805,2518,522,909,283,27,692,968,165,343,351,250,4135,826,488,2
Kepahiang,31208,204,882,563,885,2471,183,204,277,4893,773,1385,882,664,471,2020,4401,443,2340,218,564,404,119,1282,998,151,45,225,170,2038,771,266,17
Bengkulu Tengah,38448,159,1594,429,1327,3623,166,572,1091,529,958,1527,1630,1183,821,2599,4764,634,2088,874,2987,487,77,1561,1309,597,147,394,240,2107,1085,889,-
Kota Bengkulu,59105,492,1679,1088,1557,3615,314,375,1222,11002,1559,1048,2159,1024,1485,2473,6223,460,2402,958,2629,716,271,2604,2988,925,2242,563,264,1785,1059,1915,5
Lampung Barat,35832,319,1571,598,1309,3685,72,494,1048,4703,428,189,237,928,423,446,3484,470,2430,160,415,828,130,1920,233,292,199,300,307,7157,741,316,-
Tanggamus,32819,116,2294,825,1599,2840,157,422,1311,1194,522,1188,442,755,715,285,4527,395,2265,385,1425,825,162,1225,533,401,139,408,484,3485,885,607,-
Lampung Selatan,34104,143,2107,671,985,2474,137,364,1330,2331,899,579,550,864,606,489,3745,357,2550,210,956,1607,229,2251,548,443,1223,533,369,2085,1006,1459,-
Lampung Timur,30579,197,1576,763,1048,2581,61,193,818,5370,750,851,256,1263,714,339,2842,253,1926,119,1015,842,48,1111,342,227,222,298,328,2450,538,1239,-
Lampung Tengah,39034,117,2020,737,1476,2767,90,362,1217,5993,451,532,820,1641,910,419,4595,312,2493,152,1098,894,146,1679,467,440,275,346,574,3247,905,1857,3
Lampung Utara,26003,155,1585,446,928,2087,107,149,893,4194,874,394,421,761,509,366,3528,274,1877,148,409,1247,139,889,391,73,138,262,382,1124,672,584,-
Way Kanan,38187,89,1622,688,1508,2823,100,347,1536,5992,570,1491,348,1163,659,479,3827,167,2262,733,1407,1377,33,1334,186,495,54,583,562,4081,632,1037,2
Tulangbawang,31420,254,1783,736,1041,2532,59,226,1048,4673,331,329,342,937,554,269,3485,123,2435,211,606,959,89,1197,356,258,1195,174,299,2397,698,1794,29
Pesawaran,36222,123,2796,799,1513,2923,151,272,1229,2765,478,1245,379,907,1044,556,3213,602,2133,594,1567,1298,236,1980,909,248,501,328,364,3018,910,1141,-
Pringsewu,31597,137,1917,989,1306,2200,110,178,937,3777,266,960,176,708,932,248,3555,252,2033,107,1551,1209,82,1421,939,230,1118,461,147,2114,668,866,-
Mesuji,32924,92,1950,705,1017,2837,75,245,685,2673,254,988,314,1104,1060,509,2995,238,2151,218,1608,897,116,1256,380,364,1430,622,357,3211,620,1946,6
Tulang Bawang Barat,34139,123,1587,527,1128,2849,60,225,853,8098,399,585,382,1410,1038,175,3152,205,1862,41,1190,622,56,1110,628,105,243,238,224,2476,618,1928,-
Pesisir Barat,46558,345,1981,879,2449,5058,211,406,1260,6886,957,1633,379,799,1305,588,4033,585,2725,645,645,960,220,1958,271,322,398,536,328,5749,1021,1027,-
Kota Bandar Lampung,59408,675,2627,1451,1735,2788,469,453,1681,9754,1958,712,1036,1511,1869,1139,5610,418,2737,590,1812,1113,1121,2391,3419,722,3005,505,765,2281,1042,2019,-
Kota Metro,60351,437,2404,1938,2587,2914,371,699,2130,6679,1802,1838,568,2611,1725,1175,6827,227,3771,693,3266,1215,426,2233,1523,873,1512,528,527,2986,1090,2778,-
Bangka,48676,349,1495,1736,4209,2242,1027,312,821,449,2315,1820,553,1496,1624,1454,6623,260,2485,929,3855,1135,854,1011,1719,716,1695,732,630,1746,953,1425,5
Belitung,66703,538,2892,2135,5555,2852,367,280,1597,8989,2136,346,313,1351,396,2233,8536,460,2716,332,3407,1716,951,1172,1487,696,3391,742,824,5270,1338,1400,283
Bangka Barat,56821,436,1365,1559,4675,2599,1340,331,687,2547,1575,1758,841,1979,1881,1320,6090,362,2544,1143,6908,1387,565,608,1901,947,1515,1329,618,4312,1080,619,-
Bangka Tengah,48436,144,1436,1238,4060,3061,1371,354,986,1261,2046,1246,1013,1053,1041,1594,6966,406,2594,520,3133,1715,717,988,1397,446,1595,800,708,1399,1341,1770,38
Bangka Selatan,50651,402,1550,1456,3357,2760,1369,290,880,2541,2080,1037,1381,1203,843,1339,7571,558,3204,446,2452,1846,246,1069,892,332,1744,1291,1216,2308,1199,1789,-
Belitung Timur,53801,297,1613,1735,4539,2370,114,45,809,2435,1773,1284,152,945,1021,1423,6641,424,3801,1364,4220,1911,619,788,858,984,2990,762,631,4950,1311,814,177
Kota Pangkal Pinang,69887,1030,2637,1897,4137,2074,992,460,1294,3271,2946,2304,712,1685,2514,2614,8203,338,4175,2501,6119,844,2279,1802,1745,1010,3836,657,575,3012,1564,661,-
Karimun,53015,474,1708,1343,4081,1680,157,426,2985,3913,2593,1098,5128,1043,819,1439,2903,651,1997,869,1754,884,824,986,1569,677,1502,797,618,4865,1209,1680,344
Bintan,49582,795,1727,1296,2849,2436,165,357,1464,8992,1604,343,2552,943,472,1389,3241,362,2066,524,2529,1232,807,647,1827,310,1285,751,1109,3193,1221,1053,41
Natuna,49419,1012,2167,1725,4343,2491,74,261,2263,4610,2639,489,1080,571,904,827,4633,433,2142,832,3402,900,1156,236,830,563,1832,532,361,3930,811,1369,-
Lingga,43012,635,1057,2036,5592,2482,299,262,2332,3463,1105,62,2589,1379,1264,1602,2091,258,2663,846,1457,1073,880,467,392,130,906,756,601,2643,787,904,-
Kepulauan Anambas,59171,382,1242,1606,6767,2438,324,239,2737,3835,2708,742,2650,710,1107,1205,6352,576,4103,1012,3169,704,874,390,911,517,2490,437,636,5266,820,2171,51
Kota Batam,85402,928,3773,1971,2527,2956,370,830,2038,8484,3343,4718,3319,2107,2205,1531,6848,985,3143,3103,8067,993,1350,1305,1937,1755,4242,1106,619,4583,1654,2261,352
Kota Tanjung Pinang,96354,843,3493,1606,2982,2093,394,624,3201,14767,3471,2148,5316,4010,2487,2908,5535,468,3472,3179,5767,1476,2525,1313,3594,1251,2508,1034,916,9095,1737,2019,121
Kep. Seribu,56188,382,2858,1252,2756,4570,699,1844,1777,3017,2041,152,1288,1300,1000,1327,5486,696,2537,767,1770,1478,1876,1988,1085,746,5249,236,289,1529,1187,3008,-
Kota Jakarta Selatan,127963,1479,5740,3680,3760,4566,553,1855,4442,16888,5021,2344,3065,5586,2441,3022,9254,994,3876,1355,6048,1441,6044,3689,6840,3388,5481,1592,940,7375,1849,3353,5
Kota Jakarta Timur,89020,1601,3272,2131,2368,3581,325,1641,3372,10347,4269,2079,2396,3727,2068,2146,6706,1144,2249,2021,4663,1225,4087,2741,2231,2569,4909,692,879,3655,1405,2519,-
Kota Jakarta Pusat,119741,1025,4418,2274,4013,4353,205,1975,5238,9258,8139,3042,3920,6498,3194,3751,10266,903,2419,3823,6935,2146,5897,4326,2728,3551,4593,1031,1131,5652,1737,1301,-
Kota Jakarta Barat,106072,1051,4402,2407,2977,3561,641,1273,3723,14295,4979,1595,2597,4542,1994,2369,9454,879,2517,2320,5199,1415,4690,3030,3625,3495,5363,908,1255,4747,1544,3136,88
Kota Jakarta Utara,129890,1266,5951,2973,4388,4661,1140,2076,4294,17421,5232,2754,3429,5377,2138,3168,9168,1061,2928,2306,6253,1556,4859,3949,4680,5737,5481,1184,1659,7105,1508,3953,233
Bogor,51336,546,2313,1563,1189,2897,320,732,1418,5406,1656,1312,879,1246,1275,640,6192,557,2263,695,2404,919,2301,1927,2120,852,1640,596,453,2117,1316,1558,34
Sukabumi,46202,449,2301,1790,1570,3650,446,409,828,4064,956,555,264,342,780,442,6063,690,3017,445,1665,1209,2583,1553,2750,565,754,661,761,2333,1482,827,-
Cianjur,46336,250,2574,2065,1350,3387,567,396,415,3898,606,1568,412,330,1122,372,5412,373,3246,479,1652,1170,1842,1992,3030,965,786,981,809,2213,1386,689,-
Bandung,53064,414,2594,2245,1886,3461,404,765,615,4919,1231,425,1225,796,1541,638,6538,353,3305,268,1775,1289,1978,2209,3233,760,1831,1321,777,2187,1067,1013,0
Garut,44700,290,2705,1795,1394,3625,665,317,434,4011,774,564,523,278,1002,504,6183,519,3187,337,957,1178,1380,2236,2726,240,720,611,895,2276,1456,911,5
Tasikmalaya,42750,268,2147,1049,1539,3728,588,575,364,3613,702,517,391,216,2648,492,5810,611,2079,602,1520,1129,1366,1672,2210,230,879,645,934,2437,1127,663,-
Ciamis,48848,345,2515,2152,1827,3071,320,959,1244,2337,1436,968,716,915,2678,1058,6223,334,2605,1080,2777,1284,1523,1990,1742,234,1130,755,730,1729,1264,905,-
Kuningan,47026,445,2340,1866,2227,3179,487,474,1196,4889,1252,814,339,585,2227,710,5055,471,2791,454,2049,1082,1795,1646,1596,778,869,919,434,2191,870,984,12
Cirebon,70000,434,2585,2604,2432,3808,420,1115,2099,8035,1925,2390,1348,1013,3832,763,6562,720,3010,1219,3649,1560,2107,2598,2464,1262,1727,548,583,3391,1105,2687,4
Majalengka,53246,263,2584,1742,1804,3840,459,880,1272,4384,1074,302,591,927,4330,1039,6296,350,2974,493,2807,1449,1865,2121,2286,696,1320,776,389,1790,1114,1029,-
Sumedang,63061,330,2696,2548,2065,4331,353,723,1133,8174,1230,1297,951,561,2461,829,6813,395,4598,894,2325,1561,1709,2841,2865,672,1214,1091,942,2936,1303,1143,75
Indramayu,74863,415,3364,2006,3024,5208,231,1338,3067,7440,2532,1753,2068,856,2321,1743,6211,1220,2817,2407,3031,1718,2682,2244,2625,1178,2233,724,763,2656,1007,3882,99
Subang,50788,183,2288,1601,1633,3404,189,1118,1663,2714,1767,443,1745,1145,1939,799,5589,565,2617,1222,2106,1720,2276,1955,1712,903,1308,1010,808,1956,998,1387,25
Purwakarta,55022,301,2797,2476,2325,3583,243,437,746,6998,1385,467,613,1010,1449,936,6450,467,3136,373,2401,1486,2376,1519,2551,823,1350,795,787,2206,1527,1009,-
Karawang,74801,466,2688,1799,2204,4177,185,933,2105,11173,3057,693,2204,1575,2904,1096,6533,610,2937,2007,3909,1481,4421,1605,2626,1745,2819,1075,767,1967,1070,1963,7
Bekasi,92988,662,3245,1880,2492,4116,319,990,2396,18792,4437,894,1733,2587,2500,1487,7506,834,2771,1888,4320,1922,3632,2661,2910,1388,5115,872,837,4841,1189,1772,-
Bandung Barat,41839,396,2352,2173,1486,2952,308,636,657,3544,844,330,908,353,1092,618,5125,302,3082,346,984,1205,1550,2121,1938,573,1184,569,1028,1405,1227,522,30
Pangandaran,49652,488,2145,1977,1864,2698,385,1176,2069,1102,1915,1057,1167,2342,1629,1273,5959,633,2152,1262,2600,1249,1333,1998,1064,324,1820,847,744,1908,1502,962,7
Kota Bogor,81218,1312,3389,1879,1642,3556,751,710,2520,11595,2900,884,1156,3142,1477,1253,8839,844,2277,1191,3883,1114,3994,2732,4093,1573,2493,830,619,5115,1432,2018,5
Kota Sukabumi,79284,1049,2596,3440,2851,4073,1088,886,1526,11305,2208,841,995,1258,1374,1648,8386,366,3694,828,3518,1324,4980,2072,4006,1283,2897,1289,1206,3182,1381,1433,298
Kota Bandung,89528,1120,3588,2412,2924,3597,312,1203,1440,11902,4104,893,2298,2408,2442,2573,9324,413,3257,786,4133,1177,4854,3855,4165,1350,4205,1854,1440,2986,1433,1080,1
Kota Cirebon,75062,644,2552,2012,2895,3223,463,1671,2795,9135,2547,389,2301,2379,3374,2025,7119,617,2290,1673,3445,1362,2596,3100,2580,821,2077,525,742,2588,1257,3866,-
Kota Bekasi,111140,1489,3760,1963,2837,3712,679,1108,2958,20154,4856,1299,1596,4563,2019,2333,8747,965,3249,1845,5960,1673,3565,3480,3176,2626,6457,1526,1488,6352,1998,2636,71
Kota Depok,98064,1319,5120,3056,2397,3582,439,1288,3539,14163,3631,1575,2210,4586,1497,2234,8743,590,2910,1018,4220,1023,4408,3317,2954,2179,4526,1376,1003,4527,1927,2709,0
Kota Cimahi,81334,1149,3545,3026,2825,3330,672,1080,1391,7350,3002,1673,2035,1999,2457,1503,8064,573,3865,945,3829,1398,3305,3993,2747,1332,3686,1615,1685,3618,1512,2126,5
Kota Tasikmalaya,79467,952,3756,2465,2268,3870,1130,1584,1929,3698,3473,943,846,1499,8106,1678,8676,490,3556,1591,3496,2133,4490,3340,3221,435,2145,980,1079,2153,1437,2042,4
Kota Banjar,61288,821,3883,1502,2384,3109,460,1913,2197,1864,2154,1125,1890,1976,3594,1501,7343,357,2151,1371,2733,1468,2003,1887,2713,219,2034,457,762,1810,1222,2367,17
Cilacap,36308,240,1893,1090,1218,2237,269,305,900,5564,915,778,209,827,1319,497,4025,389,1791,275,1526,831,333,1589,867,204,1339,304,184,2221,839,1333,0
Banyumas,52335,312,2443,1812,2655,2928,348,581,1107,6831,1435,421,193,1980,1634,1590,5959,433,2081,586,2602,940,728,2432,1188,713,1082,386,352,4232,1172,1178,-
Purbalingga,39595,161,1755,1125,1938,2261,484,538,778,3457,820,1461,201,1171,2098,853,4753,273,2391,368,2841,797,423,2123,1228,404,365,396,266,2038,1138,683,5
Banjarnegara,37305,174,1215,1178,1422,2837,254,257,382,6884,765,497,73,507,1095,646,4126,222,2633,378,1932,939,263,1400,1400,305,365,497,335,2665,996,664,-
Kebumen,43238,246,1917,1313,2214,2561,272,336,641,7693,629,857,179,753,1671,616,3734,140,2327,528,2653,680,436,1655,1337,681,830,373,244,3790,718,1205,8
Purworejo,38794,96,1864,1877,2283,2686,292,427,798,3929,495,1670,223,1506,2420,716,3488,106,1927,619,2382,486,232,1285,722,432,656,252,121,3364,469,968,5
Wonosobo,42982,140,1393,1638,1517,3206,514,145,143,5200,484,1582,108,526,1834,577,5207,280,2498,577,5296,1009,68,1490,1550,417,239,292,338,3354,989,368,-
Magelang,41956,209,1751,1414,1974,2702,346,315,427,6292,1234,899,149,1364,1474,911,4458,140,2560,409,2137,725,379,992,2457,243,219,188,445,3617,952,564,10
Boyolali,43457,79,1440,943,1801,2234,228,290,559,7091,1207,1094,294,2275,1373,995,3944,157,2489,428,1870,545,371,2093,1139,669,1020,199,400,4359,698,1166,7
Klaten,47267,275,1413,1184,1544,2160,151,225,853,4911,1464,1794,227,3221,2331,1149,3756,318,2453,1008,3436,874,435,1613,1508,802,1558,361,344,4289,653,957,-
Sukoharjo,56596,298,2140,1021,2316,2781,166,668,1771,6677,1744,1120,393,3437,2284,1627,5091,276,2233,705,3158,723,606,1747,1688,977,2307,218,336,5121,737,2229,-
Wonogiri,39663,235,1487,1042,1371,1906,91,236,757,7864,975,661,87,1845,1516,943,3897,292,1666,706,2284,852,163,853,980,521,1028,153,373,3756,474,611,35
Karanganyar,57847,274,2169,1379,2269,2686,146,754,1266,6321,2486,3050,387,4392,2740,1015,5582,452,2463,668,3855,868,906,1667,860,821,1635,162,171,4424,841,1136,-
Sragen,48793,178,1846,913,1647,2653,180,624,1259,5600,1672,883,486,2700,1607,1182,4938,311,2479,277,2685,850,505,1535,1490,921,2333,194,178,4315,639,1672,40
Grobogan,61383,125,1607,1021,1735,3205,252,450,1391,12234,1643,971,1516,1987,1619,847,6481,317,2862,361,2205,1724,244,2258,1016,961,2582,370,333,5192,951,2835,89
Blora,55863,164,1298,1135,1908,2625,318,254,1602,8573,1446,1679,1098,1422,2857,1014,4814,389,3683,621,3282,1211,146,1221,1440,573,2631,288,277,5970,812,1105,6
Rembang,56287,189,1657,1332,2694,3436,222,408,1314,6569,1509,2226,1158,1097,1572,784,5583,423,4119,741,3380,1451,214,1139,2020,798,2555,301,209,4582,871,1722,12
Pati,50622,169,1672,1362,2316,2990,313,690,1285,3401,1791,1348,1479,944,1844,760,4735,452,2764,2259,2454,1392,364,1678,1381,482,2498,323,382,4285,819,1963,27
Kudus,67633,327,2091,1187,1951,3289,343,462,2289,4158,1768,2308,1006,3024,2328,1439,5303,322,3635,3718,5145,1705,597,2478,2142,596,2161,425,499,7798,1113,2027,-
Jepara,42579,107,1667,986,2407,2369,182,583,1054,4107,1686,876,696,1283,877,813,4538,393,2261,717,2644,1456,308,1319,768,296,1038,386,322,4479,735,1221,6
Demak,49621,141,2249,1352,1365,3339,217,489,1767,5003,1524,428,660,1823,1387,575,5551,380,3065,1041,1176,1619,191,2051,885,612,2742,422,583,4701,896,1380,4
Semarang,48617,213,1798,1687,2095,2829,280,456,714,6323,1727,1388,306,2593,2076,912,4813,214,2654,366,2667,1003,484,1897,1133,879,610,326,412,4032,820,910,-
Temanggung,40180,139,1540,1069,2083,2498,279,382,294,7880,820,506,117,1061,808,1138,5280,466,2241,173,2836,1026,283,1206,808,234,116,252,255,3139,795,455,1
Kendal,49446,475,2286,1696,1300,2563,301,293,908,7390,2412,550,216,1533,1399,1303,5159,452,2497,524,2335,1808,485,1999,818,717,1396,314,273,4033,770,1241,2
Batang,61911,260,2098,2190,2348,5274,455,636,1079,8691,1857,908,361,1794,1633,839,6341,565,4358,1469,3275,1881,652,2357,1111,549,343,424,228,5578,988,1368,-
Pekalongan,65312,251,2952,2664,2733,4800,450,917,1553,7761,1988,1031,464,2076,2223,670,6387,452,4087,1830,3131,1644,1127,2726,2005,532,1038,490,249,4453,1074,1518,36
Pemalang,59403,266,2603,2008,2422,4221,455,475,1355,10126,1102,873,556,796,2564,800,5224,303,3800,1323,3275,1517,891,2585,1598,411,1084,412,246,3399,1116,1597,-
Tegal,48896,312,1906,1822,1734,2551,217,717,878,10842,1529,370,775,817,2384,629,4533,474,2694,775,1821,1113,935,2251,903,256,1095,397,215,1752,972,1222,6
Brebes,52123,172,2280,1490,2223,3567,475,907,1026,8929,1291,341,683,702,2716,531,5380,558,2670,1300,2055,1149,1071,2282,912,386,1147,648,252,2179,874,1924,1
Kota Magelang,61041,569,3155,1296,2404,2779,490,637,1258,7314,3775,973,470,3740,3192,2025,6387,306,1628,1189,4384,502,1031,1555,1605,850,868,309,437,4135,1068,701,11
Kota Surakarta,73307,604,2816,1528,2251,3095,638,1231,2511,5486,2670,2385,680,4041,5495,1585,5826,513,2521,1157,4361,965,1535,2076,1905,1093,3858,265,399,7273,1195,1352,-
Kota Salatiga,67586,802,2736,2294,3408,2775,673,461,1085,5794,3496,2351,235,2649,3329,1629,4427,228,3794,1804,7173,693,429,1416,3066,973,1945,309,527,5103,1053,928,-
Kota Semarang,83427,677,3889,1529,2772,3214,709,653,1729,12775,3191,1079,600,3952,2577,2178,6569,513,3198,1552,5513,969,1179,1838,2895,2196,3682,551,563,7798,1286,1528,72
Kota Pekalongan,79794,490,3088,1880,2449,4959,1045,1302,1579,10337,2855,1232,457,2511,3025,1356,7118,765,3413,3537,5921,1718,1807,2365,3593,699,987,241,355,5762,1162,1773,12
Kota Tegal,81692,315,3238,3486,4252,4296,380,1225,1552,19428,2251,705,1838,2277,3044,975,6255,419,3738,1858,3862,1644,1887,2252,1440,952,619,822,420,3529,838,1892,1
Kulon Progo,39894,97,1508,1768,2304,2336,364,399,888,6096,601,925,69,1646,1447,734,4077,209,2263,934,2278,339,171,1033,822,666,919,226,278,3303,488,518,187
Bantul,71375,417,3031,1994,3598,3212,674,491,1122,5574,2555,1966,248,4151,3473,2871,6608,214,3765,2977,5252,956,748,1667,1691,1369,2622,399,416,4644,1108,1556,4
Gunung Kidul,37789,48,1462,1562,1883,2907,121,441,465,6358,629,593,44,1838,1178,995,4192,145,1960,578,1383,411,142,1099,503,515,686,304,391,3712,698,546,-
Sleman,89999,900,3548,2627,3866,3782,620,678,2028,8873,3246,3547,584,5443,4305,2809,7098,531,3593,4424,7951,1146,1034,1735,2084,1031,2412,533,698,6075,1186,1571,42
Kota Yogyakarta,93854,800,3900,2474,4419,3524,551,924,2808,7472,3452,3787,701,5840,5513,2841,7234,712,2649,4559,8906,756,1150,1955,1781,1806,3250,518,656,6068,1245,1570,31
Pacitan,39069,81,1596,974,1933,2443,181,415,779,8286,997,276,701,2287,906,495,2181,345,1492,497,804,496,68,910,426,431,405,180,259,7190,571,461,-
Ponorogo,39955,212,1196,1026,2042,2714,191,436,2035,3724,1043,1177,323,2400,1375,745,3455,145,1804,204,1967,711,191,652,1462,231,1453,281,222,4363,758,1418,-
Trenggalek,31562,72,824,820,1583,1446,105,613,681,6858,783,874,346,1825,1150,380,2843,453,1729,355,836,390,47,499,637,291,674,230,234,2706,688,587,1
Tulungagung,39239,125,1264,761,1958,1706,172,371,2156,2962,2043,1098,758,2067,1525,706,3570,380,2604,373,1309,729,299,654,1015,451,1483,711,198,3829,774,1156,31
Blitar,40642,119,1205,1139,1561,1722,202,226,1902,6735,1617,1064,200,2177,1781,570,4394,247,2671,364,1836,621,128,464,1390,351,751,537,293,2522,911,933,8
Kediri,40607,263,1140,1209,1633,1489,218,507,1923,5300,2145,1036,812,2091,1264,812,4646,348,2422,390,1318,671,207,1341,939,342,683,381,205,2756,761,1357,-
Malang,45025,202,1311,1326,1839,1914,216,322,1286,3734,2371,1176,519,3066,1163,753,6779,353,2892,341,1875,926,112,585,1868,470,672,425,582,3766,1072,1098,11
Lumajang,53547,311,1467,1291,2969,2241,399,405,2120,2020,3417,2482,1146,5682,864,1265,5720,715,3267,485,2245,997,223,832,2238,513,587,574,581,3446,1213,1835,-
Jember,40776,255,1599,1565,2113,1824,154,343,1525,2959,1649,1219,832,1913,753,628,5384,414,2999,327,1109,1076,166,814,1884,560,794,337,379,2585,1084,1531,-
Banyuwangi,64214,311,2726,2157,3277,3220,289,708,2216,3512,3245,2687,947,4516,1734,1059,6153,698,3961,1018,2471,1099,432,842,3048,1323,1287,996,498,4045,1265,2475,-
Bondowoso,43594,100,1387,1301,3051,1828,169,171,1055,9123,1475,757,238,1771,208,484,6002,298,3625,126,997,891,119,645,1713,502,246,299,331,2852,1191,640,-
Situbondo,43599,227,1408,1895,2353,2299,481,167,2136,2392,1978,1988,429,2196,1058,486,5261,660,3339,1428,901,996,288,433,1099,905,634,494,422,2984,861,1400,0
Probolinggo,38805,102,1325,1351,1663,1346,326,59,1367,3107,1412,1890,270,2420,467,534,4334,333,3388,554,1081,1454,19,643,2471,581,359,423,275,2933,935,1362,21
Pasuruan,45253,236,1538,1640,1727,1886,267,318,1236,1882,2706,1668,625,2931,525,825,6560,553,3621,898,1556,1094,153,683,1979,773,779,270,297,3152,1270,1593,11
Sidoarjo,70045,628,1842,1361,2440,2080,446,670,2871,5629,4998,776,681,3906,776,1515,8613,527,2891,795,4044,1255,966,1837,3025,1304,4849,566,387,5009,1418,1936,3
Mojokerto,50306,223,1519,1227,1924,1965,239,434,2346,2876,3743,806,761,2431,632,994,6913,508,2795,556,2000,1126,338,1116,2059,618,2293,392,570,4088,1314,1486,15
Jombang,52462,284,1619,1450,2171,2325,401,489,1695,1879,3299,2629,535,2518,1784,785,5674,375,3160,1186,3003,1213,149,1124,1599,1002,2129,598,327,4086,1065,1906,2
Nganjuk,51481,214,1596,1064,2141,2848,291,381,2420,6664,3304,1981,634,1434,1334,1195,5880,354,3204,412,1690,785,188,860,2021,500,1710,326,273,3398,1057,1324,-
Madiun,42504,120,1537,924,2063,2472,110,445,2928,4425,1228,1049,519,2507,1369,789,5093,339,2075,298,1537,659,68,631,1115,381,1100,351,132,3764,830,1638,9
Magetan,39163,176,1405,1160,2127,2326,233,279,1994,2356,1205,1047,550,2390,1305,869,5008,241,2773,318,1338,574,246,807,1099,333,748,412,219,3806,796,1001,20
Ngawi,53329,174,1715,838,2139,3978,111,490,2303,3638,1421,4761,810,2494,2126,1151,5001,559,2639,334,2098,844,259,923,1554,368,2006,470,262,5116,803,1886,55
Bojonegoro,41632,212,1246,613,2100,2584,165,535,2211,2180,2299,458,1643,1469,784,704,4899,305,1948,289,798,737,299,1134,1808,307,2188,429,261,3936,839,2250,2
Tuban,47268,297,1426,1249,1899,2710,224,439,2727,2013,3304,939,1182,1943,967,667,5386,369,3100,627,1450,1187,171,1005,1765,541,3187,269,212,3090,900,1908,112
Lamongan,52901,452,1516,1348,2099,3095,251,603,1741,2026,3569,1492,940,2798,903,791,5969,538,3025,812,1363,1387,300,902,1278,943,3254,633,404,5040,1250,2175,5
Gresik,75523,857,2838,2158,3035,3935,442,867,2824,3113,4843,1443,1181,3900,978,1229,7315,775,3367,1550,3023,2083,470,1702,1608,2184,5536,701,817,6613,1584,2547,6
Bangkalan,29894,261,1039,590,1031,1630,239,631,1497,1766,1884,578,922,1447,209,730,2709,423,2208,274,859,847,229,716,1084,514,823,592,251,2126,526,1251,9
Sampang,24244,56,946,813,775,1271,124,105,1003,4001,775,400,966,531,39,313,2225,180,2488,48,151,965,22,389,2068,873,337,120,273,962,514,512,-
Pamekasan,26350,173,1090,760,1215,1348,113,224,652,4668,959,392,181,461,89,283,2480,312,2323,45,493,890,92,456,1343,1351,438,332,325,1341,998,517,4
Sumenep,65530,506,2526,2056,3697,3581,464,571,3552,8016,2197,1968,1114,4690,323,1056,4590,585,3556,399,2683,1157,559,579,2553,2901,505,1250,1429,3590,1301,1574,1
Kota Kediri,70801,635,2484,1786,2822,2659,805,1007,3276,6222,4848,1704,1383,3045,2760,1487,6500,514,3420,706,3661,1000,946,1877,2262,901,1846,470,595,4965,950,3261,3
Kota Blitar,68622,366,1635,1634,3257,2274,475,232,3188,9527,3610,1947,804,3650,3390,1237,6342,230,4120,900,3958,675,437,960,2512,1225,1829,652,376,3476,1172,2461,69
Kota Malang,58843,933,2312,1608,2808,1841,478,467,1826,4837,3303,1584,433,3523,1424,1479,6471,334,2079,777,3729,588,769,1201,3429,706,2691,657,543,3997,886,1128,2
Kota Probolinggo,50071,323,1984,2149,1999,2071,377,307,1505,3682,2380,1581,334,1629,742,1129,5232,75,4785,775,2050,958,180,899,2642,761,2932,340,371,2203,1272,2404,-
Kota Pasuruan,71834,568,2000,1546,3242,2093,431,481,2465,8357,5281,1069,323,3160,1355,1026,9741,778,4117,1372,2747,1147,735,1537,3408,1042,2782,449,278,4731,1148,2426,-
Kota Mojokerto,63927,645,1748,2124,2415,2272,289,601,2225,5188,4124,1218,601,3718,1206,1375,7097,409,2975,1349,3202,1225,574,1650,1930,823,5259,276,697,3786,986,1921,18
Kota Madiun,79936,732,3621,1932,3528,2610,646,1244,4769,8867,4198,2118,927,4383,2278,1930,6377,442,2630,1133,3798,1229,1303,1488,2809,1090,5296,333,488,4083,1115,2538,-
Kota Surabaya,93553,1375,2767,2192,3406,2856,789,955,3974,7699,6166,1760,1706,6269,1419,2603,9549,619,2858,1246,4746,1717,1796,2660,2776,2627,5958,945,783,5324,1656,2343,13
Kota Batu,65482,327,1967,2110,2245,2380,266,465,1720,7745,3744,1963,550,4078,1527,1526,7917,194,4089,347,4797,978,339,1438,1604,531,1351,652,328,5634,1457,1211,4
Pandeglang,37610,99,1873,1364,1517,3037,274,409,1149,4275,836,301,1383,313,499,192,3742,356,3277,477,438,692,2165,1142,1327,411,446,483,653,1983,759,1737,-
Lebak,49955,182,2678,1736,1361,4043,284,475,1397,6853,1125,1940,753,211,585,239,6301,1096,3154,633,1015,894,1481,578,1182,991,383,744,1137,4129,996,1378,-
Tangerang,64850,551,2771,1151,2219,3754,165,1381,2312,10090,2642,559,2564,936,1056,924,6133,715,2008,826,1730,1369,3420,2909,1205,1211,3433,456,532,2520,989,2316,5
Serang,52821,286,3014,1261,1045,4529,344,891,1354,7972,1392,506,1439,367,194,562,5694,634,2759,259,1104,1072,2778,1990,2022,1133,1469,449,373,2684,1307,1931,5
Kota Tangerang,107911,1277,4036,2304,3254,3899,472,2247,3549,18346,5072,1087,2535,4036,1810,2444,8535,821,2780,1847,4235,1764,4860,4116,2855,2740,6164,783,1138,3637,1633,3629,5
Kota Cilegon,77869,637,3681,2642,2139,3861,684,1787,2855,8413,2691,465,1984,1581,694,1622,7863,710,4528,787,2399,1812,2406,5383,2709,1434,3925,484,533,2707,1613,2839,-
Kota Serang,72344,317,3686,2134,1463,4910,456,1028,1760,13234,2300,556,2223,888,503,899,8099,561,2583,576,800,1474,3739,3179,2915,1275,2745,575,455,1931,1458,3622,-
Kota Tangerang Selatan,84403,1682,3885,1336,2172,3050,226,1609,3944,11555,5268,858,1498,4272,1302,2046,6939,659,1770,970,3236,995,4459,2961,1688,1487,4797,697,930,4349,1543,2010,211
Jembrana,38937,296,1914,1162,2183,1378,68,582,560,8709,924,183,1072,1097,784,676,3168,165,2492,537,861,926,334,225,649,960,1970,528,639,789,524,2521,63
Tabanan,46998,533,2419,1313,2550,1738,62,892,658,5359,2573,318,753,1213,592,1332,3687,297,2474,367,2044,1042,1448,395,1374,1315,2199,1140,944,2075,1020,1997,876
Badung,114869,1427,3864,2518,3338,2536,441,2527,1765,20660,6092,1797,1938,4233,3099,3257,7448,431,4530,2112,6231,1631,2828,1837,2444,3455,5665,2708,2551,4567,2103,4318,518
Gianyar,64811,732,2143,1063,2959,2112,57,1856,1012,12247,3816,346,800,1636,987,2117,5258,834,2387,244,2781,1358,2192,613,1571,2051,1177,1262,1701,2728,1340,3281,148
Klungkung,46161,386,2156,953,2606,1850,54,604,1531,8510,2019,586,961,1209,1259,1121,3453,362,2234,518,1820,875,1262,489,556,2047,1937,782,540,1405,725,1248,103
Bangli,52964,280,2653,1876,2826,1332,72,885,731,11148,1797,217,1200,2287,517,1330,4032,371,3465,191,895,1301,1050,84,943,2485,1039,1047,1295,2747,1102,1350,417
Karangasem,29506,63,1547,931,2118,1047,5,232,1147,6183,595,78,228,513,438,835,2579,123,2455,174,662,740,138,17,252,1210,779,595,576,1424,723,772,328
Buleleng,33912,164,2153,710,2601,1666,98,337,477,6118,760,138,709,987,324,666,3993,158,2327,77,527,934,323,106,717,778,750,471,450,1535,676,1632,551
Kota Denpasar,97532,1102,3630,1382,4027,2361,218,2126,1932,20635,4652,1109,1173,3180,1776,2772,6775,208,3441,1010,4663,1378,1979,1567,1888,3211,6905,1565,1898,2298,1618,4819,231
Lombok Barat,53165,548,2564,2335,3050,3852,310,310,1951,5906,1056,689,501,633,1767,733,3118,843,4752,478,1536,1879,155,344,1744,1349,984,1019,1010,3281,1243,3204,24
Lombok Tengah,45077,254,2146,1546,1767,2426,115,197,795,7171,442,1288,268,803,2206,440,2160,491,4090,378,1282,1667,32,500,1920,1259,659,1147,910,2857,1549,2267,47
Lombok Timur,52527,764,2709,1597,2459,4340,83,449,1210,6064,885,1578,427,2154,1900,404,2586,469,4152,401,1049,3834,170,667,1480,1371,572,966,1495,2768,1442,2062,21
Sumbawa,49049,980,3204,2412,1893,2221,128,302,1765,7989,1110,699,157,1753,1057,648,4461,796,2877,934,819,973,219,238,1215,1846,2364,1285,953,1852,959,849,91
Dompu,41138,124,2156,1385,2243,3013,240,469,923,4673,1423,389,10,685,1009,240,4211,1023,3267,910,661,3073,39,257,1417,1343,918,1378,735,1430,949,511,35
Bima,37603,184,3020,2013,2619,3203,225,322,623,3842,741,387,4,756,419,215,2929,682,2467,592,620,4958,10,75,606,1728,371,1029,660,881,867,555,-
Sumbawa Barat,72943,875,3201,2847,2497,3410,523,330,2144,12171,905,2017,609,1260,1932,1098,4372,825,3967,3068,2593,1860,253,282,3089,3382,3067,2580,1125,3156,1873,1508,126
Lombok Utara,39161,575,1705,952,1825,2605,244,161,1164,4578,698,1237,181,904,1011,1592,2809,614,3039,396,943,1385,24,64,2357,1139,289,413,498,1970,1243,2182,363
Kota Mataram,77183,675,3227,2483,3343,3258,498,614,1840,11856,2083,1745,370,2255,1897,1574,5091,841,5623,1953,3229,2248,484,689,2724,2706,2558,1366,1084,2851,1455,4482,82
Kota Bima,66357,511,2651,2569,2956,3147,360,599,1728,10671,3476,473,78,1183,797,794,7137,841,3205,1151,1483,6193,197,383,1227,3133,1481,1725,812,2254,1227,1897,17
Sumba Barat,16576,122,1273,425,228,933,41,65,77,698,152,1489,19,259,1016,41,816,156,993,399,1226,65,-,7,9,355,54,261,394,4369,260,49,326
Sumba Timur,34154,120,1844,528,474,1796,132,217,355,9043,818,2191,15,403,1493,171,1708,251,765,605,1433,250,72,104,1127,1142,192,226,383,4687,360,519,733
Kupang,21734,216,1387,387,479,1897,76,161,123,6504,239,614,1,226,640,14,1385,187,746,345,299,35,29,11,246,927,150,416,227,2885,109,143,629
Timor Tengah Selatan,33373,36,1392,1299,984,2347,56,182,16,8371,532,3078,-,152,327,8,1688,212,1070,160,1173,51,-,99,581,503,140,256,506,6593,132,41,1387
Timor Tengah Utara,26387,597,1786,536,651,2409,171,239,282,6600,770,139,-,287,263,108,1668,227,1521,266,584,61,62,479,269,620,156,174,454,3826,218,52,913
Belu,22494,905,2302,372,1031,2312,111,122,149,2531,217,125,21,201,102,71,2270,191,1195,164,674,195,22,559,759,1195,182,142,286,2225,341,198,1325
Alor,21723,74,2130,875,855,1403,162,272,202,1641,170,2065,14,167,1204,5,524,149,1174,1542,1004,26,-,57,477,1053,170,119,188,2808,192,709,292
Lembata,21439,37,1931,685,1704,916,14,37,256,5799,109,148,55,38,247,16,857,33,1356,212,191,25,-,1,315,1175,350,76,137,3380,154,642,543
Flores Timur,13367,262,1581,469,1008,1318,60,106,77,1114,236,395,38,84,256,108,1158,97,812,330,109,67,-,102,241,374,400,139,410,1552,104,136,224
Sikka,33016,84,3224,717,875,1471,237,266,426,5917,315,1822,8,248,1692,57,2074,276,654,1522,760,420,23,73,480,1335,851,156,565,4080,177,969,1243
Ende,21878,202,2029,836,1729,1017,46,164,799,4638,209,247,12,308,220,196,1507,103,861,195,241,41,39,32,284,688,326,211,555,2512,203,431,998
Ngada,26582,395,1590,859,1441,1144,32,414,146,1360,1040,3421,22,285,913,117,2916,553,652,1061,1090,51,77,291,512,657,3,276,515,3025,376,75,1273
Manggarai,31386,84,1499,876,1238,1346,29,10,37,3868,330,2864,141,221,2695,33,2042,205,1575,1592,857,128,3,98,428,264,78,116,470,7297,106,10,845
Rote Ndao,13412,164,710,361,809,1299,62,221,170,2353,501,6,-,163,21,12,1855,107,1063,16,47,4,-,71,284,1161,267,59,129,985,133,167,211
Manggarai Barat,25300,136,1183,1017,1155,1045,251,26,260,2554,268,1719,24,189,1888,3,1708,122,813,1272,873,103,5,62,209,955,493,567,424,5282,230,323,140
Sumba Tengah,21436,156,1098,276,271,1374,67,97,70,2161,248,2418,44,44,1501,37,1211,114,962,499,1771,260,27,-,20,405,25,194,510,4491,275,109,703
Sumba Barat Daya,21736,68,1433,488,85,897,42,24,339,8679,252,46,2,163,32,78,1231,169,1186,40,269,48,-,-,175,365,57,255,1160,3382,136,146,489
Nagekeo,18363,116,1566,408,423,436,31,113,107,2281,21,1935,-,215,1544,11,1000,94,905,949,315,470,31,33,82,265,131,87,163,4321,188,24,98
Manggarai Timur,16813,52,1019,483,864,507,58,33,-,819,33,859,5,91,729,-,1085,89,648,813,9,8,6,-,471,184,23,165,332,6765,65,133,465
Sabu Raijua,20192,185,1766,756,202,643,79,234,241,5063,454,231,-,138,213,46,1451,188,548,741,308,18,14,-,425,2466,327,879,280,1447,606,140,103
Malaka,28852,872,2276,805,1103,2291,181,260,145,4085,869,350,67,410,235,204,2021,147,1686,407,1199,53,16,165,1100,1716,153,394,440,4097,367,220,518
Kota Kupang,40379,481,1812,1033,1489,2460,117,783,538,5997,1116,830,70,1309,878,316,3708,266,1675,771,1321,463,229,242,2645,2391,1448,779,633,2934,794,736,113
Sambas,66631,150,601,1255,2554,2148,143,334,286,31087,1672,976,461,649,849,567,3688,453,2366,804,1966,746,997,243,1606,963,191,186,281,5622,791,1897,100
Bengkayang,37423,169,1217,1079,2114,3090,61,72,286,6095,1280,46,177,558,203,113,3679,820,1561,53,244,873,1740,76,194,566,319,472,607,7910,1041,39,665
Landak,34748,44,803,727,553,3255,4,144,504,5117,819,132,23,178,92,285,3413,1274,1299,72,278,574,1202,174,1400,359,731,121,363,8589,692,500,1026
Mempawah,39777,43,1009,867,2179,2704,55,189,990,2661,1753,1300,347,252,1137,642,3338,943,1731,608,1597,1325,1321,485,2012,611,588,376,537,4501,1056,2470,150
Sanggau,36550,187,892,409,1012,3032,91,117,552,4894,1466,130,68,207,745,606,3970,1072,1684,135,555,795,1755,432,1089,364,1251,424,669,4468,768,2248,461
Ketapang,39593,171,1664,971,1484,3568,133,160,1839,3377,1590,438,137,1648,780,869,3235,624,2024,345,1332,667,1784,490,755,390,1342,368,629,4019,1161,1430,169
Sintang,42167,157,809,496,1449,3271,94,154,882,5109,957,1205,231,679,1949,885,2832,459,1112,133,1045,848,817,1735,692,996,2052,325,380,7315,858,1829,412
Kapuas Hulu,38015,589,1756,976,2470,5331,78,314,286,586,1800,149,458,294,341,519,3694,576,568,118,184,1839,1485,545,2988,66,1632,543,545,4355,549,2290,92
Sekadau,44172,284,1206,1141,1713,4105,-,191,780,5280,1430,697,126,341,397,1106,3755,544,1612,308,843,546,1313,1121,483,484,2002,382,582,8292,1074,177,1858
Melawi,28284,119,417,665,575,2623,166,45,212,4489,671,431,225,193,253,592,1423,216,1076,342,1265,592,886,1009,1002,183,1281,151,353,5164,1044,435,184
Kayong Utara,43637,180,1171,1093,3728,3067,46,89,1912,10411,1389,21,87,898,350,549,2252,156,2518,77,1381,919,1895,149,1007,168,263,181,192,5096,796,1601,-
Kubu Raya,35370,113,1189,942,1559,2535,59,193,969,5361,1650,431,374,302,464,527,3443,588,2049,182,1161,865,996,350,1034,610,635,424,385,3653,741,1586,-
Kota Pontianak,76076,600,2573,1936,2742,2730,363,437,1556,10265,3848,2091,727,977,1403,2676,6472,648,3209,996,4266,832,3319,1193,3447,2292,1787,451,513,7523,1809,2383,13
Kota Singkawang,53179,252,1423,2165,3389,2168,171,169,655,9856,1622,191,727,624,657,805,5193,230,2146,483,1620,865,1869,326,2554,909,1104,1556,657,5537,1027,1990,242
Kotawaringin Barat,55689,286,1389,1309,2287,3447,413,382,1518,3752,3902,273,393,3938,1646,1202,5401,505,3252,770,1575,1790,452,371,2534,1591,2397,1313,769,4116,1333,932,452
Kotawaringin Timur,54995,204,2039,1568,2475,4138,615,354,1027,2603,2328,2337,336,3864,1034,1060,4749,804,3855,1467,1311,976,400,347,2784,1327,2273,881,670,3790,1348,1973,61
Kapuas,36294,273,1269,1163,2741,2957,538,152,681,2659,1359,854,359,2516,627,590,2018,491,2834,947,728,2179,327,167,342,506,1187,610,596,2544,657,1424,-
Barito Selatan,36537,271,650,1030,2102,3704,825,199,1253,300,1669,955,563,2375,980,623,3653,888,2888,812,1261,1044,256,151,1184,425,1557,369,337,1773,667,1773,-
Barito Utara,46464,283,1034,853,1604,2313,284,291,1259,3466,2591,1056,667,4550,1762,1125,4682,597,3105,1477,2217,1375,399,303,975,650,1364,435,379,2503,1139,1601,124
Sukamara,52206,779,2350,1187,1409,4462,291,218,1033,2957,2503,634,306,4299,570,1012,3817,873,2823,1338,2012,2180,381,624,2620,1590,1328,299,369,3135,1287,2784,735
Lamandau,51526,276,1745,1069,1603,3231,271,207,1212,2464,2434,700,428,5519,930,1471,3940,286,2941,1980,2691,1407,138,550,2312,1171,2065,615,340,4073,1214,1115,1131
Seruyan,49205,157,2190,1386,3323,5726,406,163,472,1382,1586,981,294,2930,1185,741,3952,308,4543,941,1116,2789,241,190,746,1286,1529,567,840,3080,1436,2268,451
Katingan,46559,374,1433,1503,4318,3599,354,427,881,946,2765,1370,731,3381,505,1407,5795,897,3040,897,917,640,269,232,1495,725,1511,683,402,2919,1091,922,129
Pulang Pisau,47983,334,1729,1264,2743,4249,638,261,2188,2528,1956,218,1254,3850,893,785,5679,807,3043,580,872,940,194,28,1440,397,1837,973,576,3326,913,1489,-
Gunung Mas,43922,109,1240,1280,3614,2675,401,116,410,5622,1100,420,29,2234,434,729,4188,949,3087,414,927,1141,102,-,1599,440,1521,913,444,4074,822,2269,621
Barito Timur,51818,240,1033,985,1828,3145,511,209,1124,4218,2591,1141,730,3270,1341,1812,4409,878,2685,1727,2814,3014,453,258,950,1617,1019,778,505,4608,805,901,218
Murung Raya,33993,332,1070,1131,3614,3513,84,190,555,631,1683,278,529,2720,495,658,3913,820,1292,372,1200,1705,159,70,1028,204,522,402,439,2231,661,1437,55
Kota Palangka Raya,70085,445,1666,2127,3045,3403,600,577,1553,5990,4004,883,1342,4283,1327,1723,6973,506,2763,2610,4292,1018,1021,694,2200,1578,3687,950,640,5784,941,1362,100
Tanah Laut,50362,212,1820,2445,3167,2804,297,203,1384,4884,1189,598,1248,2550,1190,1587,3404,357,5136,628,1290,3290,424,267,1137,701,952,451,573,3326,1167,1675,8
Kota Baru,51497,164,1493,1646,2708,2528,201,240,1459,4131,2195,1338,450,4075,1675,637,3406,733,4588,983,1760,1213,681,669,3283,1283,1748,551,394,1946,1139,2181,-
Banjar,66012,333,2526,2094,2858,3887,592,213,1206,3833,2406,3450,1020,4319,1506,1347,3960,937,4534,2881,4746,2971,609,385,2362,1579,706,566,614,4346,1216,2000,11
Barito Kuala,54247,292,2742,1774,3018,3359,516,184,1139,3097,1978,1308,788,4295,1288,1346,3603,648,4863,1913,2514,2037,636,141,1988,1191,1248,458,760,2715,860,1549,-
Tapin,73123,333,2039,1481,3746,4912,395,464,2062,4868,2770,2582,2061,4458,2761,1139,4189,1312,4206,4130,2767,3282,1307,339,2274,946,1538,776,1144,5649,1195,1998,-
Hulu Sungai Selatan,64902,258,2181,1960,3778,4533,537,132,1466,6520,2546,2400,2335,2440,2392,1047,3028,1124,4102,4682,3388,3133,533,174,922,641,682,492,797,4636,862,1177,-
Hulu Sungai Tengah,71077,392,1663,2132,3463,4154,995,390,1602,8275,2891,2189,1973,2795,2682,1057,3219,1424,4385,4901,3861,2375,895,223,2693,569,746,622,505,4863,918,2221,4
Hulu Sungai Utara,58730,130,1720,1091,3551,3652,827,193,1383,5595,2657,1891,595,3645,2440,759,2526,798,4203,3492,4073,2435,429,431,1765,1193,363,310,433,4217,700,1234,-
Tabalong,76509,406,2188,1401,3100,3976,663,266,2129,10338,3284,1294,1054,7351,1979,2002,4944,1263,4012,1410,4028,2417,1024,879,3322,1517,1600,786,651,4174,1061,1982,6
Tanah Bumbu,70607,461,2233,1455,2134,3087,88,592,2182,8325,2798,1384,1247,6905,1446,2006,4406,537,4214,1744,2996,4657,775,571,1680,1895,2103,927,852,4501,1387,1006,11
Balangan,66522,111,1352,1317,3011,3562,1507,194,1206,4194,2894,2805,924,5294,2358,1338,3468,1324,4677,3783,4808,2218,261,119,4226,847,767,663,717,3870,1139,1557,9
Kota Banjarmasin,84509,437,2655,1744,3024,3403,607,484,1981,7821,4942,2556,2018,5139,2720,2373,5425,993,3459,5139,5312,2358,3157,867,1724,1692,1754,904,783,5592,1330,2079,37
Kota Banjar Baru,76036,635,2258,1943,3015,2809,292,416,1711,10281,5196,1037,1580,4272,2145,1950,5767,568,3576,4301,3861,1941,1358,766,2154,1525,2285,906,921,4321,1172,1053,18
Paser,54611,348,1619,860,2268,2864,142,206,1104,6937,4446,521,330,3998,919,1343,4422,619,2958,565,1706,1668,825,854,2139,610,2248,490,410,4172,987,2032,3
Kutai Barat,68584,369,1591,1608,2041,2896,441,249,1883,12325,4656,3278,183,4171,1592,1707,4201,670,2639,1888,2199,1875,257,125,2860,1922,1848,855,899,3947,860,2532,15
Kutai Kartanegara,60073,468,1503,739,2438,3667,52,585,2001,7848,5421,513,411,2962,2162,1426,4379,966,2578,962,2235,1789,412,555,1497,751,2572,911,1070,3871,1257,2071,-
Kutai Timur,66760,556,1592,1250,2160,3831,211,566,1788,7522,4840,1241,359,1863,1366,2026,6497,608,2994,988,4170,1993,366,733,1518,1649,3535,973,793,3562,1930,3281,-
Berau,70362,637,1381,1518,3400,2775,828,390,2126,16747,3533,919,240,2752,1437,1602,4485,470,2586,1207,1884,1216,897,328,1879,2777,2972,1194,828,3892,1326,2025,108
Penajam Paser Utara,46599,231,1472,1327,1922,2645,204,159,1040,7886,2408,42,83,2020,830,537,4210,334,2604,229,664,1342,164,432,3190,1166,2598,279,466,2239,786,3060,29
Mahakam Ulu,38982,976,1365,735,1036,3797,48,298,954,1510,2842,1555,10,2310,959,811,2518,1918,1137,1135,1413,847,272,70,346,472,3748,530,484,2353,1025,1069,439
Kota Balikpapan,92752,986,2447,1923,3693,2470,310,779,2409,17126,6129,712,1091,4709,1294,2271,7978,416,3923,1524,4522,1097,1386,725,4221,1856,3941,918,985,5925,1561,3422,4
Kota Samarinda,86284,792,2677,1358,3120,2871,218,583,2310,12235,6411,1393,543,4615,2098,2110,6605,727,3067,2359,5230,1955,1360,923,3063,2230,3169,839,948,6188,1556,2729,1
Kota Bontang,77495,645,2928,1652,4303,2869,486,581,2135,11919,5745,463,554,2862,2246,1044,7189,334,2815,1305,4543,1323,1033,796,2571,1678,3469,633,1032,4689,1507,2093,51
Malinau,41565,400,1116,1194,2400,1962,228,130,764,6114,3006,379,67,1465,610,1031,2743,887,1912,496,1564,794,707,252,504,1211,2132,447,423,4042,510,1064,1010
Bulungan,58930,818,1119,1546,3383,2461,476,140,1902,11357,2270,2001,171,2864,2279,979,3684,487,1891,674,1808,787,360,400,1764,1569,3230,309,424,3962,832,2374,606
Tana Tidung,42260,535,1018,1395,1803,2745,391,25,1086,2661,2098,371,39,2918,794,782,4289,584,3022,592,2000,1277,690,122,402,709,3559,354,475,2167,1278,2045,33
Nunukan,42902,369,903,885,2570,2564,414,196,918,6317,3210,35,39,1426,546,1117,4147,469,1343,292,727,1864,300,195,1437,1012,3040,435,398,2813,550,2370,3
Kota Tarakan,55972,719,1272,1598,3700,2488,211,396,1295,4449,6061,430,281,2258,1554,1770,6271,688,1681,749,2733,1435,709,1003,1202,1186,3008,618,233,3047,982,1944,0
Bolaang Mongondow,37036,135,1710,823,3522,3157,62,471,1102,4870,1488,289,42,440,1146,309,5175,232,782,1403,842,604,395,455,727,545,1605,342,350,1972,786,806,451
Minahasa,60382,357,2423,1511,3947,3484,87,369,1027,12993,2076,1335,37,1081,2193,604,7351,380,1430,2853,1997,594,883,537,1934,1772,1513,436,460,3013,699,389,618
Kepulauan Sangihe,26060,18,1605,772,3248,2347,100,156,239,2265,1345,650,24,415,609,54,2790,156,905,776,771,82,626,71,776,512,88,222,180,3503,235,362,156
Kepulauan Talaud,20286,43,1126,345,3596,1784,49,197,97,2210,300,132,-,101,561,23,3177,74,497,529,210,-,98,16,701,370,1786,247,141,999,303,22,552
Minahasa Selatan,38768,74,1097,1106,3195,2888,83,159,277,9764,857,81,-,878,1122,81,4541,156,651,1645,583,229,428,138,2368,1137,1408,242,257,1337,751,430,806
Minahasa Utara,45915,351,2238,1186,3181,2352,77,556,795,8386,2562,426,129,498,1253,478,4507,313,1161,3395,1307,426,873,317,1254,1122,2602,479,465,1926,720,423,158
Bolaang Mongondow Utara,35817,80,1075,545,3527,2526,11,174,388,7388,1566,1167,24,281,1629,134,2427,517,624,2271,1176,85,399,1059,315,327,1273,447,504,3006,513,247,113
Siau Tagulandang Biaro,37091,117,1299,698,4674,1996,11,100,954,6764,1114,824,40,522,1067,48,3038,232,659,1736,952,80,647,26,10,652,850,355,275,5599,710,122,920
Minahasa Tenggara,37205,236,1576,1267,3120,2558,155,554,586,5022,2214,596,32,545,1493,145,4019,427,817,1466,1270,382,223,79,2227,748,2091,246,288,932,729,597,565
Bolaang Mongondow Selatan,26979,22,871,283,2589,2500,70,457,329,4981,1314,661,5,158,677,145,2217,261,1014,829,1159,212,221,708,527,304,1778,336,372,488,432,820,241
Bolaang Mongondow Timur,35119,124,1337,778,3052,3200,36,327,651,4140,2260,374,16,419,1676,161,4650,320,966,2001,1313,647,957,291,486,535,1549,420,437,819,535,517,124
Kota Manado,60429,427,2497,1170,4017,3025,121,508,1417,13673,3050,205,110,1260,1501,427,5333,249,903,2798,1486,224,1258,391,1990,2057,3970,1013,653,2767,1056,668,204
Kota Bitung,57350,376,2100,1568,3101,2982,67,593,1150,13906,2628,820,130,744,1425,430,4490,284,1479,2608,2351,507,590,222,1221,2593,2389,1216,911,2145,826,1184,316
Kota Tomohon,54594,973,2547,1557,4617,3493,38,147,1103,6211,3679,1280,26,551,1990,415,7351,606,1119,3988,2078,226,2710,709,913,732,1704,403,363,1932,772,204,157
Kota Kotamobagu,50509,188,1787,1353,3117,2995,79,519,1506,10650,2390,203,23,463,2253,202,5407,261,1262,4464,1613,1593,1945,178,23,650,1904,250,298,1062,930,760,180
Banggai Kepulauan,18856,27,487,544,3516,829,33,31,242,5188,65,158,-,151,1082,112,1025,152,679,378,374,23,117,251,425,100,1229,126,119,471,154,633,135
Banggai,44204,140,1202,1356,3800,2696,69,230,1460,5157,1159,1615,83,665,1907,374,4578,280,1742,2214,991,142,172,1404,1576,1090,1963,365,1102,2575,1037,987,73
Morowali,51151,115,683,679,2708,1928,30,283,2128,14458,3161,466,46,349,809,850,3290,578,1638,300,2332,301,479,1482,1965,940,3491,974,598,2572,870,645,2
Poso,31112,222,1072,1018,2354,1116,22,114,898,4931,986,675,37,214,1805,147,2273,256,1410,796,1764,93,292,1315,805,430,1324,424,301,3037,433,155,393
Donggala,29358,145,817,2042,3144,1826,269,212,1107,2794,907,416,13,219,742,222,1697,493,2483,534,637,233,182,1843,2093,330,492,528,279,1420,582,636,19
Toli-Toli,29658,168,604,1342,3673,1603,193,76,995,3770,932,391,10,265,739,181,1923,204,2424,1453,494,385,65,928,2032,435,1010,247,322,1413,708,665,7
Buol,29794,27,690,918,3306,1967,69,81,635,4692,1050,82,12,193,627,50,1447,192,1853,1017,638,1040,166,940,2795,520,1972,252,348,1344,593,278,-
Parigi Moutong,37001,174,893,1123,2362,2300,48,320,1180,7640,814,717,53,576,1105,210,2207,327,1902,1063,699,349,391,2313,1249,410,1370,379,462,3206,423,679,57
Tojo Una-Una,27710,144,922,996,3157,1896,1,131,623,5034,457,481,61,152,1307,34,1271,210,1377,958,1268,194,213,773,1960,102,1131,66,431,1462,284,611,1
Sigi,28709,184,1127,1005,2048,1577,60,371,1409,5854,499,384,91,123,593,95,1567,473,1821,549,442,322,131,1722,1058,593,323,306,346,2493,337,535,273
Banggai Laut,18778,101,1044,300,3316,863,7,44,521,2411,968,351,43,224,441,65,977,761,825,618,532,168,153,520,354,252,1136,112,210,493,275,695,-
Morowali Utara,42074,291,1345,833,3507,2327,100,139,2405,5750,505,843,70,677,1302,124,3165,428,1617,414,1258,289,256,1614,2379,1133,2585,674,800,3032,674,839,699
Kota Palu,56466,823,1979,1822,2579,1962,65,539,1701,13571,1942,326,131,702,2086,761,3156,516,2541,1480,2140,636,1086,2560,1510,1683,2865,797,714,2098,912,784,-
Kepulauan Selayar,34356,240,1504,1971,4421,1171,241,92,453,4158,1172,826,159,340,757,121,3271,310,2296,634,1153,46,84,275,1902,685,2463,419,541,1986,273,377,16
Bulukumba,30982,416,1143,1537,2462,2466,374,145,1472,2646,1471,480,17,499,271,142,4634,472,1627,345,1177,305,123,785,976,875,1260,457,273,1373,440,309,8
Bantaeng,56399,268,2303,2560,3938,3311,588,221,537,13047,1784,581,81,538,877,350,7166,558,3214,960,1215,225,104,2249,914,1718,310,642,561,3661,1022,841,54
Jeneponto,23507,139,1237,1143,1708,1855,316,158,1595,1123,714,94,26,203,202,62,4712,335,1601,194,336,263,33,918,969,482,717,475,183,1123,429,163,-
Takalar,34345,269,1207,1570,1500,1884,240,149,669,2591,696,1144,82,1481,842,131,7087,203,2483,1276,1136,228,96,609,1481,1167,811,295,412,1507,496,524,77
Gowa,43729,759,1487,1833,2391,2256,260,483,1177,5554,1867,348,147,918,391,346,7668,824,2762,667,1074,593,436,1512,476,1419,1145,599,492,2121,1148,438,137
Sinjai,34415,539,1446,2136,2161,3098,335,158,583,3410,901,1130,35,850,653,148,3600,572,2424,880,1659,273,57,992,752,833,254,389,424,2885,484,355,-
Maros,34227,304,1381,1551,2078,1814,36,499,1473,2676,1212,427,38,365,402,431,5851,281,2377,431,1496,711,109,991,997,1319,1605,327,660,1245,710,422,9
Pangkajene dan Kepulauan,51753,594,2314,1788,2396,2831,401,871,1914,8085,2219,204,50,865,416,240,6831,664,3023,324,1601,1113,510,2366,558,1004,1732,855,1227,2831,690,1215,19
Barru,29578,141,1548,1248,2448,2042,257,256,572,5599,1088,52,1,235,282,153,3992,290,1424,171,420,423,320,932,595,962,1004,593,431,1051,319,731,-
Bone,23075,76,973,927,1200,1513,114,118,671,4289,687,109,52,117,88,173,3343,160,1453,101,643,197,139,539,750,506,950,581,265,1830,226,283,2
Soppeng,38115,149,1166,1509,1789,1593,264,104,690,10142,1741,359,46,867,361,424,4273,508,1152,345,455,523,77,484,1712,1121,671,379,192,3829,407,780,2
Wajo,41503,273,1249,1345,2222,1529,361,176,1222,12441,1906,342,14,453,189,104,4695,450,1989,165,796,398,268,1329,743,1491,970,753,424,2273,434,488,12
Sidenreng Rappang,53681,124,1277,1214,2947,2180,200,303,1521,12154,2957,729,101,465,454,375,7530,669,2104,525,809,449,472,1452,1914,1605,1545,1109,822,3638,742,1291,2
Pinrang,54106,198,1689,1539,3186,3481,407,292,1355,11858,2652,501,32,757,876,327,5640,552,2786,735,1474,781,146,2259,527,1322,1884,861,615,3361,637,1374,1
Enrekang,52747,266,1654,2004,3255,3095,290,412,1231,12850,1702,579,104,1106,762,271,5735,339,2607,231,2189,400,352,1763,1486,1800,583,533,490,2838,885,935,-
Luwu,27344,173,1146,1182,1474,1080,76,114,1042,3843,597,391,68,264,465,218,3879,382,1568,542,476,148,42,1786,1943,798,788,380,353,955,463,368,339
Tana Toraja,22962,47,527,587,1218,730,14,77,104,9484,273,115,9,31,98,8,2270,140,325,110,310,43,73,147,643,384,82,93,163,2122,230,76,2431
Luwu Utara,37944,114,1041,1065,1538,1221,59,103,1497,1337,487,2863,86,1308,1998,194,3958,259,2244,1739,2807,823,38,3241,1358,788,540,749,522,2352,700,910,4
Luwu Timur,35639,572,1029,1495,1887,1511,184,206,1575,7558,616,123,37,396,683,251,4081,337,1930,105,780,143,210,2266,894,886,1270,375,257,2629,616,677,61
Toraja Utara,22765,121,624,841,1291,1377,34,166,103,5466,295,955,7,20,496,22,2212,162,813,437,1127,118,69,453,537,882,141,181,381,2173,282,167,811
Kota Makasar,59763,1049,2051,1598,3181,2358,446,804,2146,5965,3513,509,234,1587,529,963,7344,448,2667,635,2237,797,944,1726,3956,2023,2894,943,875,3178,799,1351,12
Kota Parepare,50958,323,1252,1223,2749,2252,684,323,1044,13254,2492,349,6,696,644,444,4520,551,2122,571,1113,338,797,941,2361,2705,2516,635,247,2200,473,1106,27
Kota Palopo,57871,426,1980,1337,1577,1597,353,528,1643,12795,1389,875,79,1307,1272,662,6237,339,3839,963,2598,415,722,3199,1924,1988,707,964,859,2866,883,1439,108
Buton,21670,133,2710,1003,1727,2527,113,761,333,104,433,1518,34,105,1154,28,1184,519,597,917,864,222,53,116,719,893,318,596,379,559,465,455,130
Muna,19888,36,2924,675,1334,958,32,185,329,5982,229,131,31,59,103,13,729,200,1335,68,120,34,257,570,630,626,695,222,428,367,150,221,212
Konawe,35058,57,969,976,2839,3131,85,246,1183,7129,879,185,36,289,581,27,3540,586,1804,277,532,186,78,2318,244,1938,1761,579,490,1305,587,195,27
Kolaka,41076,134,1251,1178,3245,2903,217,688,2078,6147,1543,297,71,630,486,135,5673,770,1906,334,450,363,174,1954,932,1223,1450,682,894,1745,645,854,24
Konawe Selatan,35153,12,1244,1544,3035,3090,64,151,1662,6458,886,456,61,465,233,42,3168,379,2068,115,525,94,73,2201,653,837,1576,732,925,1858,261,262,20
Bombana,32016,220,2090,1663,1866,1732,153,191,1533,4540,416,1103,64,229,825,75,2873,699,2602,945,1216,270,26,829,161,541,1789,754,948,925,280,383,76
Wakatobi,34328,134,4568,1333,1845,1273,96,902,534,5399,761,1010,194,305,1333,14,1646,408,1090,818,1089,67,1,874,1495,1511,1111,439,707,1710,257,1250,153
Kolaka Utara,52811,202,1970,1182,2628,2419,740,423,1656,15708,1315,529,1,624,262,140,5488,928,2594,585,450,285,27,2070,706,1556,1103,1341,748,3242,970,918,-
Buton Utara,22513,97,2187,1086,1774,1405,267,298,335,4640,342,137,23,73,476,91,774,358,1953,359,408,91,5,419,1145,658,1041,451,551,375,229,454,10
Konawe Utara,50033,141,1486,1138,3369,2271,112,125,1448,17709,1515,810,40,334,606,69,4122,559,2080,361,1240,239,33,1672,459,2021,1867,964,803,1504,575,359,2
Kolaka Timur,32207,166,745,1051,2660,2314,272,279,1606,6365,550,637,9,442,605,152,2630,415,2518,559,1022,198,46,972,1150,719,656,610,159,2069,406,114,114
Konawe Kepulauan,33809,153,965,1580,3590,2263,100,183,769,8808,458,32,11,13,470,94,2167,512,2114,109,69,281,10,1497,184,1429,620,125,573,3786,331,511,1
Muna Barat,21887,44,2778,924,1838,1579,60,461,1411,3126,314,148,54,28,126,3,1043,516,1175,38,168,8,44,1179,1509,745,559,250,205,551,274,606,123
Buton Tengah,22235,206,2710,980,1397,2342,81,540,284,2322,674,491,5,120,564,32,1080,291,1256,283,491,155,116,857,816,1011,981,250,227,486,364,809,12
Buton Selatan,28866,258,3497,663,2190,2526,441,865,31,899,409,2135,40,17,2022,20,896,673,898,2883,774,36,12,283,1726,768,158,337,355,2038,306,650,60
Kota Kendari,60907,621,1921,2026,3718,3543,538,998,2040,9023,2176,2001,70,1082,1877,295,5059,586,2523,1947,2309,216,654,2224,2324,3302,3083,1130,535,1275,760,1031,18
Kota Baubau,30890,186,2726,765,1231,1392,188,259,330,6838,1138,402,3,285,753,178,2014,330,762,425,1283,113,226,506,1873,1512,2081,263,405,1082,318,1023,-
Boalemo,41288,151,1083,561,3021,3142,46,419,502,10661,1392,735,27,313,513,107,2492,199,2395,1037,633,147,174,1843,613,1491,1922,505,1654,891,722,1139,759
Gorontalo,30991,165,1013,731,2532,2677,13,356,827,4013,1735,1546,78,478,617,279,1876,459,1381,916,2015,250,157,1150,170,1243,1521,276,360,748,674,503,232
Pohuwato,31895,56,622,269,1909,1600,42,175,344,10815,1226,948,9,397,328,63,1684,178,1467,661,1317,55,127,690,658,998,2671,251,657,641,387,457,192
Bone Bolango,37537,405,1351,645,2472,2374,82,905,862,6380,2619,2244,57,273,740,238,1826,446,1439,1213,1673,313,291,522,315,1895,1726,320,393,1822,595,997,101
Gorontalo Utara,40857,95,930,921,3364,2633,43,511,419,11222,1978,1444,5,431,461,78,2193,479,1484,1674,749,67,683,1174,1143,919,1992,671,667,1134,748,428,117
Kota Gorontalo,50135,307,1587,913,3116,2291,72,533,1150,8907,2438,2598,39,630,1305,428,2507,166,2558,2764,2982,286,494,1869,811,2071,2725,323,687,1582,600,1269,127
Majene,32536,154,1551,1388,2848,1850,307,72,1037,3660,1744,192,450,109,671,265,2642,440,4106,653,1072,132,187,1016,1138,671,1264,340,370,1298,534,371,4
Polewali Mandar,34103,99,1578,1399,2380,1721,214,45,706,4333,2072,679,153,404,313,169,3462,924,2575,607,815,371,91,1451,1499,882,835,357,574,2466,511,413,5
Mamasa,24604,39,815,706,883,713,71,50,104,12487,429,308,2,1,80,6,1176,274,1495,80,295,55,8,83,156,361,48,60,220,3000,205,43,351
Mamuju,29713,301,1287,751,2401,1530,181,77,960,4649,1727,342,41,312,452,151,2709,565,2180,532,707,206,291,1106,545,1343,831,557,405,1687,378,440,68
Mamuju Utara,40819,238,1803,1212,2765,1925,159,263,1797,8238,1155,422,7,633,379,887,4185,355,3462,374,1068,407,109,1243,647,703,1394,619,655,1807,943,744,219
Mamuju Tengah,30269,72,865,962,2386,1596,74,71,1333,3815,1159,141,36,384,413,90,3016,475,3273,429,472,130,89,993,442,2174,1700,673,434,1595,529,443,5
Maluku Tenggara Barat,12187,252,4437,293,162,1217,171,99,55,371,410,184,-,17,122,34,288,86,498,67,205,14,1,53,514,283,849,196,150,350,115,151,541
Maluku Tenggara,22829,308,5220,825,918,1008,410,156,316,624,703,581,59,369,541,614,1167,41,1484,558,532,35,252,34,1191,1072,612,300,237,1497,179,789,196
Maluku Tengah,25991,421,5586,472,543,2471,496,115,303,2051,1008,136,23,271,717,92,2021,152,931,108,280,82,145,323,2563,657,972,255,312,400,418,1305,359
Buru,29411,299,3990,551,567,2489,97,261,808,5118,1347,586,74,551,526,391,2167,242,1704,292,329,172,160,72,1134,934,1096,313,234,953,735,1223,-
Kepulauan Aru,20437,349,4132,550,276,1069,78,97,259,1553,1446,187,21,612,421,256,1350,84,1163,120,678,23,24,13,2447,707,831,346,228,379,255,267,213
Seram Bagian Barat,27373,324,5014,598,709,2097,265,116,278,2475,2416,675,34,677,664,133,1433,224,867,1037,179,24,454,53,2161,424,173,130,379,1497,303,900,662
Seram Bagian Timur,22987,170,3411,754,847,2295,578,20,137,2813,179,206,14,4,309,72,416,18,1157,210,25,37,11,14,5017,507,595,157,309,1262,117,1214,110
Maluku Barat Daya,21585,158,4437,364,293,2396,1092,332,43,1255,815,538,2,144,453,18,582,20,982,411,811,-,5,-,435,834,691,179,444,1918,139,317,1477
Buru Selatan,15363,131,4138,265,311,1280,227,60,43,628,322,433,63,115,545,65,447,23,631,468,306,-,209,19,1110,227,307,106,194,1475,74,700,441
Kota Ambon,49736,891,5579,1011,1334,3265,249,328,576,8336,1970,496,153,1169,1454,1005,3546,148,1146,1212,1716,271,558,164,2726,2779,1877,377,340,1970,813,1508,770
Kota Tual,35088,179,6405,925,1230,1860,943,391,1076,2833,1586,315,89,1016,549,760,1999,245,1014,645,427,40,135,152,1787,1621,1380,378,542,1484,501,2537,45
Halmahera Barat,15054,147,2027,244,766,1425,61,169,222,1523,958,668,47,119,590,82,919,89,603,609,552,156,39,265,468,201,460,75,56,742,229,408,135
Halmahera Tengah,50571,214,2223,1483,1619,2426,206,220,1379,12571,1500,476,39,467,545,273,3014,160,2030,359,2586,467,381,571,3177,1256,3023,1049,588,1933,1474,2570,291
Kepulauan Sula,17027,189,3751,721,600,1172,358,70,36,1568,763,197,-,188,414,229,879,72,620,376,392,50,7,539,460,333,788,93,100,606,170,1154,134
Halmahera Selatan,25290,128,2827,1057,710,999,199,100,40,4455,158,311,6,14,583,36,587,26,1639,766,483,47,-,47,5185,832,496,163,184,617,123,2382,91
Halmahera Utara,27290,244,3299,624,1793,1831,86,261,285,4369,1843,305,8,335,571,252,2270,237,566,395,737,137,80,302,590,353,1496,388,135,863,561,1271,801
Halmahera Timur,40839,251,4338,879,1388,3093,256,539,1119,5801,1388,657,23,716,1192,573,2263,177,1716,596,2354,963,60,276,1265,1134,2709,661,288,1145,778,1759,483
Pulau Morotai,22036,221,4025,786,613,3390,214,193,364,974,710,147,37,115,805,106,718,250,670,392,487,83,73,34,1382,533,2367,103,49,901,378,712,209
Pulau Taliabu,26575,64,4888,520,820,2609,450,274,533,1361,806,907,22,283,498,19,1996,261,526,427,274,-,31,487,1528,120,1123,136,848,2748,84,1553,381
Kota Ternate,67287,576,3495,2955,4854,3775,329,579,1630,8927,4153,274,243,1775,1893,860,3724,507,1951,2682,4494,1416,1315,852,2078,2196,2810,831,728,2582,901,1880,21
Kota Tidore Kepulauan,36811,168,2813,1209,1364,2698,100,323,345,5334,3375,676,27,674,936,143,2042,68,678,1062,2272,648,62,263,1733,909,1611,461,201,2274,425,1873,46
Fakfak,30285,399,1585,1180,1107,1963,134,422,465,4001,1246,211,43,328,180,340,2272,253,1533,237,1356,77,139,358,1642,2662,1108,1211,401,1173,733,969,558
Kaimana,36388,422,2330,1547,1402,1288,77,176,790,9506,1398,319,1,699,179,152,3164,138,1221,260,588,118,116,97,989,2300,1873,1507,720,1073,409,811,718
Teluk Wondama,23392,118,1820,899,1287,1682,13,57,285,3015,1295,789,33,37,635,55,2709,265,1770,395,-,22,16,57,287,828,505,1624,572,1025,280,563,452
Teluk Bintuni,38501,631,2092,1478,2255,2066,205,132,794,2725,1370,610,1,195,313,30,3349,117,1051,963,3102,564,57,319,1292,4873,2299,1563,752,1259,525,1171,349
Manokwari,49616,832,1724,1024,1621,2818,233,652,1860,5703,1744,581,401,844,930,1313,6058,1266,1345,184,946,631,513,819,1299,2992,2813,1853,924,3627,771,947,349
Manokwari Selatan,53537,986,3726,2464,2394,1560,122,719,555,11072,1312,625,61,55,439,7,4143,1672,795,869,1719,40,170,93,691,4294,2102,1481,1780,4307,1191,1686,408
Pegunungan Arfak,31202,51,2866,3984,1598,2517,355,348,162,1461,412,374,7,-,734,15,3196,382,1933,593,163,14,26,401,1777,1205,111,1981,1319,1624,547,616,430
Raja Ampat,30854,280,2294,2751,2843,2182,326,308,176,5096,305,806,206,211,733,76,1076,214,1497,878,647,30,30,374,187,1649,770,843,520,2194,164,720,467
Sorong,22974,356,2241,1728,849,2693,30,143,171,3580,963,168,-,36,157,89,1742,1007,607,59,39,40,61,281,79,1184,255,1853,455,1551,161,396,-
Sorong Selatan,49076,1283,1573,792,2213,4306,60,1266,4724,2693,2650,894,62,1027,691,3182,7433,274,858,616,513,720,195,1253,1362,2252,394,1501,494,971,981,1800,43
Maybrat,26192,210,1286,2040,1437,2004,31,117,180,7969,223,88,-,34,12,8,1442,52,623,238,114,18,48,144,499,2733,440,767,87,1432,151,1118,644
Tambrauw,46382,554,2497,2798,2087,2132,79,502,1516,4372,849,140,157,808,527,431,5751,356,1873,400,769,1002,561,3274,783,2388,2479,2034,878,1371,1086,1799,126
Kota Sorong,55820,715,1968,1375,3837,2215,195,352,1102,12160,3516,345,85,565,415,762,3820,297,1094,434,2311,326,747,2445,2717,2308,3474,1356,655,2004,842,1026,355
Jayapura,26276,426,1335,1013,1942,1709,77,199,424,2929,1008,329,45,317,426,173,2391,231,652,500,524,91,236,112,1220,1208,3519,545,173,1303,194,561,465
Kepulauan Yapen,29429,737,1219,1629,1916,1697,32,275,1181,2057,577,95,195,641,465,387,5383,225,651,113,354,233,161,867,584,822,3641,1086,405,713,468,578,41
Biak Numfor,13766,288,1144,983,508,1006,202,239,465,856,661,23,62,61,71,67,1675,134,601,11,40,3,70,-,736,596,1170,518,177,253,85,469,592
Sarmi,1024,68,236,243,127,150,-,-,-,83,-,25,-,-,-,-,-,-,-,-,13,-,-,-,-,-,46,-,-,33,-,-,-
Keerom,41745,331,1734,903,2811,3956,115,488,1366,4856,1268,55,219,652,392,292,5575,130,1429,134,109,492,792,179,2191,1479,4237,1816,544,1122,482,1597,-
Waropen,568,18,110,104,74,140,-,-,-,23,-,4,-,-,1,-,-,9,1,-,10,-,-,-,-,1,35,7,26,7,-,-,-
Supiori,726,32,209,128,109,78,-,-,-,66,-,14,-,-,10,-,-,-,13,-,45,-,-,-,-,-,-,-,-,24,-,-,-
Mamberamo Raya,15088,-,1973,1018,294,11616,-,-,-,-,86,-,-,57,-,-,6,-,-,-,-,-,-,-,-,-,38,-,-,-,-,-,-
Kota Jayapura,19864,64,940,6797,63,2205,258,-,66,1499,146,110,-,384,54,-,99,243,3967,201,258,-,-,-,217,284,22,316,75,1454,-,144,-
Merauke,55316,875,2238,1973,2738,3117,264,789,1747,3558,2050,2346,85,1430,2304,829,6130,572,1166,1043,1530,589,664,1061,1732,2124,2287,2172,1198,3431,770,1470,1032
Boven Digoel,54280,417,2121,1598,2382,3830,270,397,1821,4796,1939,164,48,1251,837,368,5044,480,2139,1349,654,867,543,1189,1450,4429,5132,2521,1329,2703,851,542,819
Mappi,23424,783,1912,903,924,1531,112,358,835,2623,1298,454,37,500,221,162,1320,55,791,437,705,50,352,337,726,1404,2795,745,273,417,237,72,54
Asmat,15572,551,987,1328,841,1670,36,39,408,2366,245,138,33,4,114,89,1368,213,356,9,99,3,90,-,429,1141,558,1884,193,185,21,147,27
Mimika,50625,857,1493,1201,2818,1967,381,1076,1109,5318,2963,507,215,2050,556,1551,5565,278,1361,813,1497,598,1399,777,2491,2269,2585,1290,595,1741,1106,1027,1171
Dogiyai,2244,15,-,204,336,191,-,-,57,756,345,-,-,-,-,-,92,-,-,161,2,-,40,40,-,6,-,-,-,-,-,-,-
Deiyai,1994,12,70,32,53,396,-,43,87,347,72,-,-,-,43,-,190,-,90,-,-,-,-,-,169,109,219,-,-,18,16,29,-
Nabire,22301,373,495,980,931,1997,383,253,494,1884,825,765,87,263,578,271,2564,309,169,1133,570,60,657,80,90,248,3000,920,166,600,280,416,460
Paniai,12835,324,879,731,815,2304,227,775,72,992,914,-,20,42,51,7,1090,213,283,9,67,3,19,10,163,478,752,191,96,882,43,155,229
Intan Jaya,34691,339,3043,4211,19,1486,111,-,319,11812,997,46,-,-,-,-,0,1941,455,2,-,-,-,50,2031,98,-,372,428,5440,1357,134,-
Puncak,3220,-,13,908,280,214,3,-,-,1255,124,40,-,-,33,6,-,1,87,2,71,-,-,-,-,12,-,6,89,74,-,-,-
Puncak Jaya,23558,1129,314,879,904,2775,18,13,-,-,1593,4606,85,1,488,-,-,398,428,4782,213,-,13,10,450,342,558,409,242,2894,13,-,-
Nduga,20379,84,389,3771,51,7356,31,-,-,67,244,140,-,59,-,-,689,451,525,-,195,-,-,3,83,265,153,4584,86,384,12,124,632
Jayawijaya,45113,802,1647,821,1922,3913,367,463,956,2767,2892,3212,271,378,2951,657,3026,661,504,2717,831,122,440,134,1987,1569,966,959,519,3723,408,636,1890
Lanny Jaya,9406,36,238,2777,584,1493,844,111,91,39,272,176,-,-,-,-,157,411,608,-,-,-,-,16,670,-,-,399,34,450,-,-,-
Tolikara,23678,-,1400,293,1595,1917,5,35,217,5487,3980,113,32,2110,13,145,933,1574,116,-,104,-,-,-,44,566,71,544,791,805,23,765,-
Mamberamo Tengah,19276,357,567,865,644,2441,27,173,656,2066,384,552,70,139,445,78,1341,485,380,97,643,430,37,87,132,1116,2714,402,222,1522,83,119,2
Yalimo,19546,6,42,14883,113,278,-,-,-,-,-,-,-,-,-,-,-,-,-,-,225,-,-,21,-,31,126,3430,392,-,-,-,-
Yahukimo,20572,321,1265,1197,624,3482,299,1,41,1106,427,10,29,157,14,138,777,117,1084,189,46,97,-,58,183,4164,536,1974,963,850,44,378,-
Pegunungan Bintang,53224,843,2831,1589,2307,2566,351,398,1270,7931,2988,338,400,1028,321,798,5523,630,949,459,532,55,419,915,2672,1809,5050,2326,923,2308,1116,1532,50